id,zipcode,total_entries,lat,lng,address,distance
0,59015430,12,-5.816641100000001,-35.2000152,"Nova Descoberta, Natal - RN, 59015-430, Brazil",1.8157829351387942
1,59073120,6,-5.8533365,-35.25280420000001,"Planalto, Natal - RN, 59073-120, Brazil",5.749126641471895
2,59072580,12,-5.832998099999999,-35.2425418,"Cidade Nova, Natal - RN, 59072-580, Brazil",4.114742698375991
3,59088150,9,-5.8722825,-35.2065995,"Neópolis, Natal - RN, 59088-150, Brazil",4.439972374793683
4,59064245,9,,,,
5,59112430,7,-5.7505465,-35.2589518,"Potengi, Natal - RN, 59112-430, Brazil",10.799071210756573
6,59152780,12,-5.894041199999999,-35.2071449,"Parnamirim - State of Rio Grande do Norte, 59152-780, Brazil",6.846917801855793
7,59020330,12,-5.7983249,-35.2027312,"Barro Vermelho, Natal - RN, 59020-330, Brazil",3.752315079548807
8,59151610,4,,,,
9,59145510,11,-5.9140199,-35.2809816,"Conj. Hab. Augusto Severo, Parnamirim - State of Rio Grande do Norte, 59145-510, Brazil",12.32989803592747
10,59075260,8,-5.826397,-35.2018509,"Nova Descoberta, Natal - RN, 59075-260, Brazil",0.7477443463830362
11,59086620,5,-5.864699,-35.2063721,"Neópolis, Natal - RN, 59086-620, Brazil",3.6009663195320116
12,59547000,11,-5.5166416,-36.0675952,"Pedra Preta - State of Rio Grande do Norte, 59547-000, Brazil",101.6854322740874
13,59082180,12,-5.865048499999999,-35.1934463,"Capim Macio, Natal - RN, 59082-180, Brazil",3.8712508863511754
14,59150500,13,,,,
15,59151800,3,-5.8907329,-35.1969792,"Parnamirim - State of Rio Grande do Norte, 59151-800, Brazil",6.545055268872394
16,59810000,7,-6.028499099999999,-37.9996401,"Portalegre - State of Rio Grande do Norte, 59810-000, Brazil",310.1605932751423
17,59115190,12,-5.7613328,-35.281974,"Nossa Sra. da Apresentação, Natal - RN, 59115-190, Brazil",11.543955930824705
18,59050350,7,-5.8101182,-35.230603,"R. São Francisco - Dix-Sept Rosado, Natal - RN, 59050-350, Brazil",3.7053101197515432
19,59086300,3,-5.865754900000001,-35.2087297,"Neópolis, Natal - RN, 59086-300, Brazil",3.7343973262648134
20,59090620,12,-5.8854788,-35.1689881,"Ponta Negra, Natal - State of Rio Grande do Norte, 59090-620, Brazil",7.143884494854546
21,59324000,7,-6.3309242,-37.2758086,"Jardim de Piranhas - State of Rio Grande do Norte, 59324-000, Brazil",235.73166712056707
22,59054550,5,-5.817342,-35.2211281,"Lagoa Nova, Natal - State of Rio Grande do Norte, 59054-550, Brazil",2.39106506904186
23,59070750,7,-5.8331691,-35.2313608,"Cidade da Esperança, Natal - RN, 59070-750, Brazil",2.877616606969103
24,59280000,6,-5.894934699999999,-35.4343604,"Macaíba - State of Rio Grande do Norte, 59280-000, Brazil",26.289020267025123
25,59115685,6,-5.7446706,-35.2719329,"Nossa Sra. da Apresentação, Natal - RN, 59115-685, Brazil",12.161132003370751
26,59290000,14,-5.7761157,-35.3685679,"São Gonçalo do Amarante - State of Rio Grande do Norte, 59290-000, Brazil",19.104496565746288
27,59040240,7,-5.7935173,-35.2231363,"Natal - State of Rio Grande do Norte, 59040-240, Brazil",4.702409633529534
28,59149356,7,-5.879575399999999,-35.2515721,"Emaús, Parnamirim - RN, 59149-356, Brazil",7.324804508247844
29,59063280,8,-5.8244438,-35.2181313,"Lagoa Nova, Natal - RN, 59063-280, Brazil",1.6478356405176415
30,59094300,9,-5.8712936,-35.1844968,"Ponta Negra, Natal - State of Rio Grande do Norte, 59094-300, Brazil",4.908573282616874
31,59020400,6,-5.7874051,-35.2012323,"Av. Prudente de Morais - Petrópolis, Natal - RN, 59020-400, Brazil",4.969705458552223
32,59106114,9,-5.7663945,-35.2725396,"Igapó, Natal - RN, 59106-114, Brazil",10.400779715147936
33,59122495,7,-5.7500079,-35.2257875,"Redinha, Natal - RN, 59122-495, Brazil",9.360360564558574
34,51011480,11,-8.0983359,-34.8861792,"Pina, Recife - State of Pernambuco, 51011-480, Brazil",253.08902708101078
35,59068310,12,-5.853871,-35.24123600000001,"Pitimbú, Natal - RN, 59068-310, Brazil",4.6391929564666565
36,0,2,,,,
37,59037250,15,-5.8048205,-35.2314333,"Quintas, Natal - RN, 59037-250, Brazil",4.17723951148881
38,59124090,9,-5.7522271,-35.2453869,"Potengi, Natal - RN, 59124-090, Brazil",9.886081064517919
39,59090310,12,-5.888453999999999,-35.1699598,"R. Alto da Boa Vista - Ponta Negra, Natal - RN, 59090-310, Brazil",7.359870326100609
40,0,3,,,,
41,59151250,7,-5.8731177,-35.215692,"Parnamirim - State of Rio Grande do Norte, 59151-250, Brazil",4.671592246048016
42,59347000,10,-6.6760711,-36.9326095,"Ouro Branco - State of Rio Grande do Norte, 59347-000, Brazil",212.70183787070275
43,59145580,7,-5.9117422,-35.2782779,"R. Ex Combatente Eugênio Lopes - Passagem de Areia, Parnamirim - RN, 59145-580, Brazil",11.941806748089517
44,59151903,8,,,,
45,59650000,7,-5.4652715,-37.0400339,"Assu - State of Rio Grande do Norte, 59650-000, Brazil",207.25509928351602
46,59094390,12,-5.872357999999999,-35.1850844,"Ponta Negra, Natal - State of Rio Grande do Norte, 59094-390, Brazil",4.982967483351101
47,59088310,3,-5.873927,-35.2045089,"Neópolis, Natal - RN, 59088-310, Brazil",4.620880139168667
48,59150160,11,,,,
49,59074120,6,-5.8226043,-35.2636073,"R. Mar e Céu - Felipe Camarão, Natal - RN, 59074-120, Brazil",6.5325498927227414
50,59073143,7,-5.8581154,-35.2527301,"Planalto, Natal - RN, 59073-143, Brazil",5.976760784295772
51,59460000,8,-5.9237912,-35.7625241,"São Paulo do Potengi - State of Rio Grande do Norte, 59460-000, Brazil",62.52196205129474
52,59120520,7,-5.7578799,-35.2377161,"Potengi, Natal - RN, 59120-520, Brazil",8.959420304961018
53,59068570,8,-5.852428499999999,-35.2401434,"Pitimbú, Natal - RN, 59068-570, Brazil",4.453698674536646
54,59037390,9,-5.8050386,-35.22195749999999,"Alecrim, Natal - RN, 59037-390, Brazil",3.514723587862517
55,59082070,8,-5.857289799999999,-35.2001632,"Capim Macio, Natal - RN, 59082-070, Brazil",2.8397748115301447
56,59114020,8,-5.7565155,-35.2695997,"Nossa Sra. da Apresentação, Natal - RN, 59114-020, Brazil",10.978268399182
57,59149300,10,-5.882702399999999,-35.2452865,"Emaús, Parnamirim - RN, 59149-300, Brazil",7.124953364832187
58,59073140,6,-5.857368999999999,-35.2537519,"R. Santa Quitéria - Planalto, Natal - RN, 59073-140, Brazil",6.037686260632984
59,59150300,9,-5.8802767,-35.211979,"Clube do Pitimbu, Parnamirim - State of Rio Grande do Norte, 59150-300, Brazil",5.371704530313149
60,59148630,2,-5.8791988,-35.2362173,"R. Joana D'arc - Emaús, Parnamirim - RN, 59148-630, Brazil",6.222435468765206
61,59151400,8,-5.882594999999999,-35.2071945,"Parnamirim - State of Rio Grande do Norte, 59151-400, Brazil",5.5819426260732445
62,59090500,7,-5.8849056,-35.1784265,"Natal - State of Rio Grande do Norte, 59090-500, Brazil",6.554028908946421
63,59115555,7,-5.7501243,-35.2771565,"Nossa Sra. da Apresentação, Natal - RN, 59115-555, Brazil",12.060221563651487
64,59141300,12,-5.921855499999999,-35.2780323,"Rosa dos Ventos, Parnamirim - RN, 59141-300, Brazil",12.7712760973521
65,59014020,12,-5.7845147,-35.195037,"Areia Preta, Natal - RN, 59014-020, Brazil",5.391398414330285
66,59080470,6,-5.858187099999999,-35.2099574,"Neópolis, Natal - RN, 59080-470, Brazil",2.9231812353294515
67,59132694,6,,,,
68,85980000,3,-24.2114525,-54.215646,"Guaíra - State of Paraná, 85980-000, Brazil",2875.6720723353924
69,53240210,8,-8.0082303,-34.8535074,"Monte, Olinda - PE, 53240-210, Brazil",243.77524736720227
70,59022500,6,-5.800557899999999,-35.2026893,"Tirol, Natal - RN, 59022-500, Brazil",3.5065905421947945
71,59062530,9,-5.8210446,-35.2182153,"Lagoa Nova, Natal - RN, 59062-530, Brazil",1.8771713603849367
72,59054220,7,-5.8143709,-35.214206,"Lagoa Nova, Natal - RN, 59054-220, Brazil",2.194950956194089
73,0,3,,,,
74,6321200,9,,,,
75,59062570,11,-5.820260999999999,-35.2155139,"Lagoa Nova, Natal - RN, 59062-570, Brazil",1.7274922381972515
76,59075100,10,-5.825098,-35.2011519,"Nova Descoberta, Natal - RN, 59075-100, Brazil",0.9106957492721451
77,0,4,,,,
78,59460000,4,-5.9237912,-35.7625241,"São Paulo do Potengi - State of Rio Grande do Norte, 59460-000, Brazil",62.52196205129474
79,59590000,7,-5.201435399999999,-36.11108,"São Bento do Norte - State of Rio Grande do Norte, 59590-000, Brazil",122.21283687349734
80,59290000,8,-5.7761157,-35.3685679,"São Gonçalo do Amarante - State of Rio Grande do Norte, 59290-000, Brazil",19.104496565746288
81,59149390,8,-5.880249,-35.2494836,"Emaús, Parnamirim - RN, 59149-390, Brazil",7.219953197256006
82,59080370,9,-5.8570705,-35.2087753,"Neópolis, Natal - RN, 59080-370, Brazil",2.781023119430389
83,59148323,13,-5.893140199999999,-35.2379803,"Parnamirim - State of Rio Grande do Norte, 59148-323, Brazil",7.649102574781935
84,59149150,8,-5.8836954,-35.2500409,"Emaús, Parnamirim - RN, 59149-150, Brazil",7.545437684691063
85,59068720,5,-5.8568609,-35.2347801,"Pitimbú, Natal - RN, 59068-720, Brazil",4.24918406010082
86,59145810,7,-5.9091344,-35.2747719,"Passagem de Areia, Parnamirim - RN, 59145-810, Brazil",11.467230766902388
87,59082210,13,-5.866934199999999,-35.1911372,"Capim Macio, Natal - RN, 59082-210, Brazil",4.158076337400722
88,59082100,12,-5.860041499999999,-35.1998173,"Capim Macio, Natal - RN, 59082-100, Brazil",3.1455825879908796
89,59151610,5,,,,
90,59215970,11,,,,
91,59200000,5,-6.279565799999999,-35.958777,"Santa Cruz - State of Rio Grande do Norte, 59200-000, Brazil",96.97302298035063
92,59900000,7,-6.117804,-38.1688559,"Pau dos Ferros - State of Rio Grande do Norte, 59900-000, Brazil",329.62689234186445
93,59108245,9,-5.7587161,-35.2619985,"Tv. Esdras César da Silva - Potengi, Natal - RN, 59108-245, Brazil",10.25897985217418
94,59080115,7,-5.8549376,-35.2080175,"Neópolis, Natal - RN, 59080-115, Brazil",2.536530196512622
95,59132310,10,-5.7336332,-35.237232,"Pajuçara, Natal - RN, 59132-310, Brazil",11.451006278127199
96,59122510,2,-5.749173499999999,-35.235828,"Pajuçara, Natal - RN, 59122-510, Brazil",9.775511565275568
97,0,2,,,,
98,59124000,7,-5.744921499999999,-35.2506296,"Av. Apucarana - Potengi, Natal - RN, 59124-000, Brazil",10.86965096168376
99,59190000,4,-6.393030899999999,-35.1928634,"Canguaretama - State of Rio Grande do Norte, 59190-000, Brazil",62.041469191608336
100,59110610,14,-5.7589958,-35.25666140000001,"R. Nova Russas - Potengi, Natal - RN, 59110-610, Brazil",9.883497346024008
101,58401718,16,-7.203868899999999,-35.881663,"R. Ver. Benedito Mota - Alto Branco, Campina Grande - PB, 58401-718, Brazil",169.13396127984197
102,59215000,5,-6.4472391,-35.4124355,"Nova Cruz - State of Rio Grande do Norte, 59215-000, Brazil",71.77718020488686
103,59152600,9,-5.8891056,-35.2081512,"Av. Maria Lacerda Montenegro - Nova Parnamirim, Parnamirim - RN, 59152-600, Brazil",6.305753781828248
104,59064902,1,,,,
105,59470000,4,-5.811882,-35.8498078,"Riachuelo - State of Rio Grande do Norte, 59470-000, Brazil",71.40310049414171
106,0,12,,,,
107,59012570,12,-5.780723399999999,-35.1983023,"Praia do Meio, Natal - RN, 59012-570, Brazil",5.741178453635164
108,59020030,10,-5.783905799999999,-35.2005454,"Petrópolis, Natal - RN, 59020-030, Brazil",5.362215985103578
109,59114660,11,-5.759269199999999,-35.2772177,"Nossa Sra. da Apresentação, Natal - RN, 59114-660, Brazil",11.32393998203365
110,59075190,12,-5.8252624,-35.2076484,"Lagoa Nova, Natal - RN, 59075-190, Brazil",0.8015480500800252
111,59056180,10,-5.8172266,-35.2068032,"Lagoa Nova, Natal - RN, 59056-180, Brazil",1.6577567071261672
112,59152070,13,-5.889821700000001,-35.1951938,"Nova Parnamirim, Parnamirim - State of Rio Grande do Norte, 59152-070, Brazil",6.476884339985932
113,59090430,4,-5.881602,-35.1772206,"Ponta Negra, Natal - State of Rio Grande do Norte, 59090-430, Brazil",6.296169818973088
114,59075810,6,-5.819544899999999,-35.2115588,"Av. Amintas Barros - Lagoa Nova, Natal - RN, 59075-810, Brazil",1.5521180620057844
115,59400000,10,-5.9840258,-36.1328132,"São Tomé - State of Rio Grande do Norte, 59400-000, Brazil",104.05904828762164
116,0,2,,,,
117,59149390,2,-5.880249,-35.2494836,"Emaús, Parnamirim - RN, 59149-390, Brazil",7.219953197256006
118,59075710,10,,,,
119,59075010,8,-5.8209426,-35.2108254,"Rua Tabelião Manoel Procópio - Lagoa Nova, Natal - RN, 59075-010, Brazil",1.3775910175861257
120,59065030,10,-5.8434328,-35.2167351,"Candelária, Natal - RN, 59065-030, Brazil",1.770078214716477
121,59162000,11,-6.0301136,-35.2807624,"São José de Mipibu - State of Rio Grande do Norte, 59162-000, Brazil",23.42851828796529
122,59082370,7,-5.870168700000001,-35.1919293,"Capim Macio, Natal - RN, 59082-370, Brazil",4.460930476190193
123,59030180,6,-5.795096099999999,-35.2112894,"R. Olinto Meira - Alecrim, Natal - RN, 59030-180, Brazil",4.149379615752738
124,59070620,14,,,,
125,59140840,7,-5.919487300000001,-35.2669335,"Av. Prof. Clementino Câmara - Cohabinal, Parnamirim - RN, 59140-840, Brazil",11.820194860718708
126,59064720,6,-5.842950699999999,-35.2106011,"Candelária, Natal - RN, 59064-720, Brazil",1.3260830408228155
127,59280000,13,-5.894934699999999,-35.4343604,"Macaíba - State of Rio Grande do Norte, 59280-000, Brazil",26.289020267025123
128,59290000,8,-5.7761157,-35.3685679,"São Gonçalo do Amarante - State of Rio Grande do Norte, 59290-000, Brazil",19.104496565746288
129,59123700,9,-5.7360343,-35.2484241,"Pajuçara, Natal - RN, 59123-700, Brazil",11.648538135589714
130,59110400,9,-5.753230900000001,-35.2544521,"Potengi, Natal - RN, 59110-400, Brazil",10.280389559525167
131,59310000,9,-6.688831899999999,-37.1901616,"São João do Sabugi - State of Rio Grande do Norte, 59310-000, Brazil",239.19340577180478
132,59064230,12,-5.8294326,-35.2261749,"R. Pedro Davi Filho - Candelária, Natal - RN, 59064-230, Brazil",2.3206511798732405
133,5163000,7,,,,
134,0,3,,,,
135,59074420,7,-5.827433,-35.253036,"Felipe Camarão, Natal - RN, 59074-420, Brazil",5.301638982234981
136,59650000,7,-5.4652715,-37.0400339,"Assu - State of Rio Grande do Norte, 59650-000, Brazil",207.25509928351602
137,59122080,6,-5.7469871,-35.206206,"Rua do Campo - Redinha, Natal - RN, 59122-080, Brazil",9.4183251190597
138,76963600,4,,,,
139,59090486,7,-5.886096,-35.1710555,"Ponta Negra, Natal - State of Rio Grande do Norte, 59090-486, Brazil",7.0746689076361955
140,59080040,10,-5.852638100000001,-35.2076136,"Capim Macio, Natal - RN, 59080-040, Brazil",2.2788420105366636
141,59052220,4,-5.809927399999999,-35.2315478,"Dix-Sept Rosado, Natal - RN, 59052-220, Brazil",3.798385352948375
142,59138490,16,-5.7303445,-35.2594017,"Lagoa Azul, Natal - RN, 59138-490, Brazil",12.748610972735596
143,59012060,8,-5.7743009,-35.2017165,"Rocas, Natal - RN, 59012-060, Brazil",6.410362958049128
144,59070340,7,-5.8276785,-35.2368082,"Cidade da Esperança, Natal - RN, 59070-340, Brazil",3.5136976421856723
145,59148783,10,,,,
146,59150666,7,-5.881965,-35.2167874,"Parnamirim - State of Rio Grande do Norte, 59150-666, Brazil",5.651296687121467
147,59500000,8,-5.1942574,-36.4797126,"Macau - State of Rio Grande do Norte, 59500-000, Brazil",157.84326429062503
148,0,1,,,,
149,59108000,5,,,,
150,59120638,7,,,,
151,59032230,2,-5.809027400000001,-35.2121498,"Lagoa Seca, Natal - RN, 59032-230, Brazil",2.664257690345154
152,59150220,9,,,,
153,59064320,13,-5.827489799999999,-35.2228273,"Lagoa Nova, Natal - RN, 59064-320, Brazil",1.997999983217046
154,59086360,8,-5.8683894,-35.2123695,"Neópolis, Natal - RN, 59086-360, Brazil",4.081165151727087
155,59343000,10,-6.581328999999999,-36.8034921,"Jardim do Seridó - State of Rio Grande do Norte, 59343-000, Brazil",195.30534038616815
156,59374000,9,-6.5679384,-36.5445805,"Carnaúba dos Dantas - State of Rio Grande do Norte, 59374-000, Brazil",169.07707047002233
157,59056140,9,-5.814913799999999,-35.2025253,"Lagoa Nova, Natal - RN, 59056-140, Brazil",1.9325372675219148
158,59153150,8,-5.9080876,-35.1925548,"Av. Ayrton Senna - Parque do Jiqui, Parnamirim - RN, 59153-150, Brazil",8.51708683238983
159,46400000,6,-13.9826834,-42.5117238,"Caetité - State of Bahia, 46400-000, Brazil",1205.6531062308247
160,59122390,7,-5.7521195,-35.2362899,"Pajuçara, Natal - RN, 59122-390, Brazil",9.488692613532026
161,59082190,8,-5.864192999999999,-35.191392,"Capim Macio, Natal - RN, 59082-190, Brazil",3.8679607652758357
162,59030470,7,-5.7976847,-35.2092659,"Barro Vermelho, Natal - RN, 59030-470, Brazil",3.8354881870493918
163,59072610,15,-5.833474499999999,-35.2386852,"Cidade Nova, Natal - RN, 59072-610, Brazil",3.6894718529979764
164,59050110,12,-5.8013675,-35.2336764,"Quintas, Natal - RN, 59050-110, Brazil",4.625772118067147
165,59106114,10,-5.7663945,-35.2725396,"Igapó, Natal - RN, 59106-114, Brazil",10.400779715147936
166,59114253,9,-5.7420026,-35.2760376,"Nossa Sra. da Apresentação, Natal - RN, 59114-253, Brazil",12.672649012510732
167,59200000,7,-6.279565799999999,-35.958777,"Santa Cruz - State of Rio Grande do Norte, 59200-000, Brazil",96.97302298035063
168,59280000,9,-5.894934699999999,-35.4343604,"Macaíba - State of Rio Grande do Norte, 59280-000, Brazil",26.289020267025123
169,59347000,7,-6.6760711,-36.9326095,"Ouro Branco - State of Rio Grande do Norte, 59347-000, Brazil",212.70183787070275
170,59151400,7,-5.882594999999999,-35.2071945,"Parnamirim - State of Rio Grande do Norte, 59151-400, Brazil",5.5819426260732445
171,59056520,2,-5.820697399999999,-35.1983824,"Nova Descoberta, Natal - RN, 59056-520, Brazil",1.4858634401830448
172,59078040,5,-5.8392594,-35.205117,"Capim Macio, Natal - RN, 59078-040, Brazil",0.7866991568226945
173,0,2,,,,
174,59088500,2,-5.872688399999999,-35.2088178,"Neópolis, Natal - RN, 59088-500, Brazil",4.498839959400369
175,59056100,2,-5.812598599999999,-35.2083226,"Av. Romualdo Galvão - Lagoa Nova, Natal - RN, 59056-100, Brazil",2.1863573321022374
176,59151380,2,-5.8861833,-35.2011642,"R. Poe. José Revoredo Neto - Nova Parnamirim, Parnamirim - RN, 59151-380, Brazil",5.993565856936067
177,59290000,2,-5.7761157,-35.3685679,"São Gonçalo do Amarante - State of Rio Grande do Norte, 59290-000, Brazil",19.104496565746288
178,59140200,2,-5.9206808,-35.2623635,"Av. Brg. Everaldo Breves - Centro, Parnamirim - RN, 59140-200, Brazil",11.646572636538371
179,59066380,5,-5.8656785,-35.2238572,"Pitimbú, Natal - RN, 59066-380, Brazil",4.233930077967026
180,59141180,5,-5.918807699999999,-35.2726731,"Santos Reis, Parnamirim - RN, 59141-180, Brazil",12.138264582817312
181,59010130,2,-5.777088099999999,-35.1975522,"Rocas, Natal - RN, 59010-130, Brazil",6.150837877630654
182,59153155,5,-12.8852583,-38.362499,"Jardim Tropical, Salvador - State of Bahia, 59153-155, Brazil",853.6249330697415
183,59110270,4,-5.7558417,-35.2525745,"Potengi, Natal - RN, 59110-270, Brazil",9.925408124048857
184,59022020,3,-5.794253299999999,-35.2059814,"Tirol, Natal - RN, 59022-020, Brazil",4.191442195816996
185,59146130,2,-5.917351699999999,-35.2720002,"Parnamirim - State of Rio Grande do Norte, 59146-130, Brazil",11.965483894483716
186,59129330,2,-5.742749799999999,-35.2578426,"Potengi, Natal - RN, 59129-330, Brazil",11.466604590031762
187,59149326,2,-5.8805438,-35.2486056,"Emaús, Parnamirim - RN, 59149-326, Brazil",7.1788308099136
188,59151400,5,-5.882594999999999,-35.2071945,"Parnamirim - State of Rio Grande do Norte, 59151-400, Brazil",5.5819426260732445
189,59151250,1,-5.8731177,-35.215692,"Parnamirim - State of Rio Grande do Norte, 59151-250, Brazil",4.671592246048016
190,59149313,1,-5.880684,-35.245911,"R. Aeroporto de Ponta-Porã - Emaús, Parnamirim - RN, 59149-313, Brazil",6.995360915744668
191,59550000,4,-5.443088899999999,-35.8716137,"João Câmara - RN, 59550-000, Brazil",85.43119728866344
192,59025360,1,-5.7825107,-35.2082816,"Cidade Alta, Natal - RN, 59025-360, Brazil",5.498793034406807
193,59025400,8,-5.783862099999999,-35.2048064,"Cidade Alta, Natal - RN, 59025-400, Brazil",5.340459849568565
194,59078410,5,-5.8448739,-35.1979912,"Capim Macio, Natal - RN, 59078-410, Brazil",1.628568207959578
195,59570000,1,-5.6131011,-35.4343604,"Ceará-Mirim - State of Rio Grande do Norte, 59570-000, Brazil",35.07154565517941
196,59155775,9,-5.9293173,-35.2487944,"R. Flôr da Serra - Liberdade, Parnamirim - RN, 59155-775, Brazil",11.770931733795301
197,59086005,7,-5.8633267,-35.2151659,"R. Lúcia Viveiros - Neópolis, Natal - RN, 59086-005, Brazil",3.6133460301546005
198,0,4,,,,
199,59152600,5,-5.8891056,-35.2081512,"Av. Maria Lacerda Montenegro - Nova Parnamirim, Parnamirim - RN, 59152-600, Brazil",6.305753781828248
200,59161050,5,,,,
201,59280000,3,-5.894934699999999,-35.4343604,"Macaíba - State of Rio Grande do Norte, 59280-000, Brazil",26.289020267025123
202,59380000,2,-6.238218,-36.4797126,"Currais Novos - State of Rio Grande do Norte, 59380-000, Brazil",148.0493545370934
203,59129350,2,-5.743891899999999,-35.2576256,"Potengi, Natal - RN, 59129-350, Brazil",11.345613919804496
204,63900000,7,-4.9584844,-38.9459326,"Quixadá - State of Ceará, 63900-000, Brazil",425.666444926665
205,59120638,2,,,,
206,59290000,3,-5.7761157,-35.3685679,"São Gonçalo do Amarante - State of Rio Grande do Norte, 59290-000, Brazil",19.104496565746288
207,59460000,2,-5.9237912,-35.7625241,"São Paulo do Potengi - State of Rio Grande do Norte, 59460-000, Brazil",62.52196205129474
208,59360000,6,-6.7180078,-36.6525696,"Parelhas - State of Rio Grande do Norte, 59360-000, Brazil",187.72660114443786
209,59152600,2,-5.8891056,-35.2081512,"Av. Maria Lacerda Montenegro - Nova Parnamirim, Parnamirim - RN, 59152-600, Brazil",6.305753781828248
210,59380000,9,-6.238218,-36.4797126,"Currais Novos - State of Rio Grande do Norte, 59380-000, Brazil",148.0493545370934
211,59066020,5,-5.8479009,-35.2206949,"Candelária, Natal - RN, 59066-020, Brazil",2.429773235847529
212,59290000,1,-5.7761157,-35.3685679,"São Gonçalo do Amarante - State of Rio Grande do Norte, 59290-000, Brazil",19.104496565746288
213,59082480,1,,,,
214,59400000,2,-5.9840258,-36.1328132,"São Tomé - State of Rio Grande do Norte, 59400-000, Brazil",104.05904828762164
215,59132000,2,,,,
216,59140750,3,-5.923461199999999,-35.2694145,"Cohabinal, Parnamirim - RN, 59140-750, Brazil",12.33768262747002
217,59092280,2,-5.8767532,-35.184619,"Ponta Negra, Natal - State of Rio Grande do Norte, 59092-280, Brazil",5.442696419350069
218,59380000,3,-6.238218,-36.4797126,"Currais Novos - State of Rio Grande do Norte, 59380-000, Brazil",148.0493545370934
219,0,7,,,,
220,0,2,,,,
221,59275000,2,-6.2806868,-35.7188463,"São José do Campestre - State of Rio Grande do Norte, 59275-000, Brazil",75.43961000371439
222,0,3,,,,
223,59607250,3,-5.183228,-37.3614797,"Nova Betânia, Mossoró - RN, 59607-250, Brazil",249.45643091101454
224,0,2,,,,
225,59124400,2,-5.7468286,-35.2463602,"Potengi, Natal - RN, 59124-400, Brazil",10.469513473986165
226,59149313,1,-5.880684,-35.245911,"R. Aeroporto de Ponta-Porã - Emaús, Parnamirim - RN, 59149-313, Brazil",6.995360915744668
227,59090200,1,-5.8870752,-35.1737745,"Natal - State of Rio Grande do Norte, 59090-200, Brazil",7.011065222515404
228,59064902,6,,,,
229,59014170,1,-5.7861897,-35.1920233,"Areia Preta, Natal - RN, 59014-170, Brazil",5.2940784880700615
230,59054580,1,-5.8089496,-35.2158539,"Lagoa Nova, Natal - RN, 59054-580, Brazil",2.814999372405513
231,59065090,1,-5.8410251,-35.2198212,"Candelária, Natal - RN, 59065-090, Brazil",1.8747841031283243
232,59060370,3,-5.8172928,-35.2343096,"Nossa Sra. de Nazaré, Natal - RN, 59060-370, Brazil",3.5989974617330165
233,59080460,6,-5.8577641,-35.2111269,"Neópolis, Natal - RN, 59080-460, Brazil",2.9026548156618732
234,59152820,1,-5.887114,-35.2131285,"Parnamirim - State of Rio Grande do Norte, 59152-820, Brazil",6.138138356192024
235,59037370,1,-5.8059007,-35.2233956,"Alecrim, Natal - RN, 59037-370, Brazil",3.5214022031918786
236,0,2,,,,
237,59142330,1,,,,
238,59078170,2,-5.843176199999999,-35.2044456,"Capim Macio, Natal - RN, 59078-170, Brazil",1.2237743662929952
239,0,2,,,,
240,59068060,1,-5.8630141,-35.2390569,"Pitimbú, Natal - RN, 59068-060, Brazil",5.05410428926813
241,59080015,1,-5.852181499999999,-35.2089253,"Capim Macio, Natal - RN, 59080-015, Brazil",2.249287969526765
242,59076150,2,-5.8283887,-35.2080375,"Lagoa Nova, Natal - RN, 59076-150, Brazil",0.5085447232171842
243,59150655,2,-5.8798447,-35.218597,"R. Massaranduba - Nova Parnamirim, Parnamirim - RN, 59150-655, Brazil",5.4730747586450015
244,59129470,1,-5.7433234,-35.2655929,"Lagoa Azul, Natal - RN, 59129-470, Brazil",11.871890997546675
245,59112120,1,-5.7574979,-35.2612264,"Potengi, Natal - RN, 59112-120, Brazil",10.314459235576775
246,0,2,,,,
247,59070110,3,-5.829606099999999,-35.233993,"Cidade da Esperança, Natal - RN, 59070-110, Brazil",3.179411580625939
248,59088750,1,-5.8751277,-35.2027336,"Neópolis, Natal - RN, 59088-750, Brazil",4.761757620175381
249,59151120,3,,,,
250,59075750,1,,,,
251,59086430,1,-5.868650199999999,-35.2084724,"Neópolis, Natal - RN, 59086-430, Brazil",4.050637249835831
252,59114420,1,-5.7614793,-35.2761038,"Nossa Sra. da Apresentação, Natal - RN, 59114-420, Brazil",11.06363485726092
253,59510000,7,-5.4643856,-36.5661908,"Afonso Bezerra - State of Rio Grande do Norte, 59510-000, Brazil",156.14146770516686
254,59151250,10,-5.8731177,-35.215692,"Parnamirim - State of Rio Grande do Norte, 59151-250, Brazil",4.671592246048016
255,59082100,8,-5.860041499999999,-35.1998173,"Capim Macio, Natal - RN, 59082-100, Brazil",3.1455825879908796
256,0,8,,,,
257,59080520,7,-5.859082,-35.2070605,"Neópolis, Natal - RN, 59080-520, Brazil",2.9838783995130833
258,59040240,6,-5.7935173,-35.2231363,"Natal - State of Rio Grande do Norte, 59040-240, Brazil",4.702409633529534
259,59173000,6,-6.2858448,-35.1928634,"Goianinha - State of Rio Grande do Norte, 59173-000, Brazil",50.19166034224155
260,59080460,12,-5.8577641,-35.2111269,"Neópolis, Natal - RN, 59080-460, Brazil",2.9026548156618732
261,59518000,6,-5.8393161,-36.8895956,"São Rafael - State of Rio Grande do Norte, 59518-000, Brazil",186.5205599340949
262,0,7,,,,
263,59318000,12,-6.587913599999999,-37.3399768,"Serra Negra do Norte - State of Rio Grande do Norte, 59318-000, Brazil",250.58216025154317
264,59374000,8,-6.5679384,-36.5445805,"Carnaúba dos Dantas - State of Rio Grande do Norte, 59374-000, Brazil",169.07707047002233
265,59065290,11,-5.8343469,-35.2169678,"Candelária, Natal - RN, 59065-290, Brazil",1.3042362347333611
266,59255000,10,-6.3333417,-35.5000999,"Santo Antônio - State of Rio Grande do Norte, 59255-000, Brazil",64.31306181670038
267,59082160,8,-5.8637315,-35.1951368,"Capim Macio, Natal - RN, 59082-160, Brazil",3.6725495403796415
268,59182000,8,-6.0912649,-35.4124355,"Monte Alegre - State of Rio Grande do Norte, 59182-000, Brazil",36.695600387207
269,59570000,2,-5.6131011,-35.4343604,"Ceará-Mirim - State of Rio Grande do Norte, 59570-000, Brazil",35.07154565517941
270,59190000,12,-6.393030899999999,-35.1928634,"Canguaretama - State of Rio Grande do Norte, 59190-000, Brazil",62.041469191608336
271,59122262,9,,,,
272,59151250,6,-5.8731177,-35.215692,"Parnamirim - State of Rio Grande do Norte, 59151-250, Brazil",4.671592246048016
273,59300000,7,-6.469643899999999,-37.0829593,"Caicó - State of Rio Grande do Norte, 59300-000, Brazil",219.44521030367468
274,0,6,,,,
275,59149280,11,-5.8837584,-35.242211,"R. Aeroporto Bacacheri - Emaús, Parnamirim - RN, 59149-280, Brazil",7.013641029704792
276,59140500,13,-5.932613099999999,-35.263278,"Boa Esperança, Parnamirim - RN, 59140-500, Brazil",12.826069370056626
277,59068130,8,-5.8596913,-35.2421799,"Pitimbú, Natal - RN, 59068-130, Brazil",5.086145688706235
278,59570000,9,-5.6131011,-35.4343604,"Ceará-Mirim - State of Rio Grande do Norte, 59570-000, Brazil",35.07154565517941
279,59151427,11,-5.8920029,-35.2031309,"Nova Parnamirim, Parnamirim - State of Rio Grande do Norte, 59151-427, Brazil",6.62352947888471
280,59070140,8,-5.822493499999999,-35.2332928,"Cidade da Esperança, Natal - RN, 59070-140, Brazil",3.268793687818053
281,59148760,8,-5.8835329,-35.2381334,"Morada da Paz, Parnamirim - State of Rio Grande do Norte, 59148-760, Brazil",6.740115384680391
282,59115190,10,-5.7613328,-35.281974,"Nossa Sra. da Apresentação, Natal - RN, 59115-190, Brazil",11.543955930824705
283,12723000,8,,,,
284,0,8,,,,
285,59140020,8,-5.9101284,-35.2599178,"Centro, Parnamirim - RN, 59140-020, Brazil",10.526738824918533
286,59067330,6,-5.8678588,-35.23135800000001,"Pitimbú, Natal - RN, 59067-330, Brazil",4.88452061520363
287,59086640,7,-5.8675908,-35.2104743,"Neópolis, Natal - RN, 59086-640, Brazil",3.9592686177660443
288,59088040,7,-5.8699473,-35.2056722,"Neópolis, Natal - RN, 59088-040, Brazil",4.179845780398077
289,59032240,6,-5.80899,-35.211721,"Lagoa Seca, Natal - RN, 59032-240, Brazil",2.655308276333566
290,59151480,11,-5.8867911,-35.2029916,"Nova Parnamirim, Parnamirim - State of Rio Grande do Norte, 59151-480, Brazil",6.048290595905899
291,59173000,8,-6.2858448,-35.1928634,"Goianinha - State of Rio Grande do Norte, 59173-000, Brazil",50.19166034224155
292,59078220,9,-5.8435026,-35.2024449,"Capim Macio, Natal - RN, 59078-220, Brazil",1.2971997153376318
293,0,11,,,,
294,59335000,3,-6.1405444,-36.8250274,"Florânia - State of Rio Grande do Norte, 59335-000, Brazil",182.533734158964
295,59136180,9,-5.7220983,-35.2476496,"Lagoa Azul, Natal - RN, 59136-180, Brazil",13.038988842150081
296,0,6,,,,
297,59104230,5,-5.7727366,-35.25487469999999,"Igapó, Natal - RN, 59104-230, Brazil",8.555587592751754
298,59020620,6,-5.8035653,-35.2034256,"Tirol, Natal - RN, 59020-620, Brazil",3.168700042916033
299,59585000,7,-5.1895859,-35.7625241,"São Miguel do Gostoso - State of Rio Grande do Norte, 59585-000, Brazil",94.12913990913667
300,59150570,7,-5.8775692,-35.2200352,"Nova Parnamirim, Parnamirim - State of Rio Grande do Norte, 59150-570, Brazil",5.277734599335165
301,59131340,11,-5.7251341,-35.2457231,"Pajuçara, Natal - RN, 59131-340, Brazil",12.649300018462538
302,59151240,7,,,,
303,59054560,11,-5.8120237,-35.2174547,"R. Alm. Tamandaré - Lagoa Nova, Natal - RN, 59054-560, Brazil",2.595647471003826
304,59112470,10,-5.747998099999999,-35.258762,"Potengi, Natal - RN, 59112-470, Brazil",11.024379998434277
305,59500000,7,-5.1942574,-36.4797126,"Macau - State of Rio Grande do Norte, 59500-000, Brazil",157.84326429062503
306,59151410,11,-5.8903789,-35.1998728,"Nova Parnamirim, Parnamirim - State of Rio Grande do Norte, 59151-410, Brazil",6.46817704547905
307,59052010,12,-5.8101721,-35.2359576,"Bom Pastor, Natal - RN, 59052-010, Brazil",4.166876082115565
308,59585000,7,-5.1895859,-35.7625241,"São Miguel do Gostoso - State of Rio Grande do Norte, 59585-000, Brazil",94.12913990913667
309,59145760,6,-5.911401,-35.2758375,"R. Ten. Osório - Passagem de Areia, Parnamirim - RN, 59145-760, Brazil",11.732638670597463
310,59090495,1,-5.8871234,-35.173804,"Ponta Negra, Natal - State of Rio Grande do Norte, 59090-495, Brazil",7.0140532431090845
311,59062257,9,-5.8107614,-35.2355189,"Bom Pastor, Natal - RN, 59062-257, Brazil",4.089471882048112
312,59575000,9,-5.6765399,-35.2807624,"Extremoz - State of Rio Grande do Norte, 59575-000, Brazil",19.12614538543477
313,59080090,10,-5.8530016,-35.2047457,"Capim Macio, Natal - RN, 59080-090, Brazil",2.3069077816914785
314,59072820,12,-5.8338421,-35.2341456,"R. Eng. Carlos Alberto Liberato - Cidade Nova, Natal - RN, 59072-820, Brazil",3.189307265815955
315,59080470,7,-5.858187099999999,-35.2099574,"Neópolis, Natal - RN, 59080-470, Brazil",2.9231812353294515
316,59141065,10,-5.9167511,-35.2755731,"Santos Reis, Parnamirim - RN, 59141-065, Brazil",12.162180908911887
317,59015400,13,-5.8133628,-35.1968871,"Tirol, Natal - RN, 59015-400, Brazil",2.281468638164128
318,59072150,8,-5.827419099999999,-35.2497287,"Felipe Camarão, Natal - RN, 59072-150, Brazil",4.937435826812679
319,0,8,,,,
320,59650000,8,-5.4652715,-37.0400339,"Assu - State of Rio Grande do Norte, 59650-000, Brazil",207.25509928351602
321,59091100,7,-5.8793568,-35.1955466,"R. Getúlio Lopes de Araújo - Ponta Negra, Natal - RN, 59091-100, Brazil",5.333050439047269
322,59032158,7,-5.8053686,-35.216412,"Travessa Torres Galvão - Alecrim, Natal - RN, 59032-158, Brazil",3.203145364760232
323,59575000,10,-5.6765399,-35.2807624,"Extremoz - State of Rio Grande do Norte, 59575-000, Brazil",19.12614538543477
324,59031150,6,-5.803168299999999,-35.2124854,"Lagoa Seca, Natal - RN, 59031-150, Brazil",3.2998140038968677
325,59600200,10,-5.193999499999999,-37.3437227,"R. Cel. Gurgel - Centro, Mossoró - RN, 59600-200, Brazil",247.22798791966056
326,59080480,7,-5.8603575,-35.2094585,"Neópolis, Natal - RN, 59080-480, Brazil",3.151500725466774
327,59078180,10,-5.8440775,-35.20514,"Capim Macio, Natal - RN, 59078-180, Brazil",1.3192081906569275
328,59072570,7,-5.8325895,-35.2429995,"Cidade Nova, Natal - RN, 59072-570, Brazil",4.164648965044797
329,59140355,8,-5.9253754,-35.2624106,"Boa Esperança, Parnamirim - RN, 59140-355, Brazil",12.08895925810491
330,59140610,6,-5.9273094,-35.2640553,"Boa Esperança, Parnamirim - RN, 59140-610, Brazil",12.36653822148508
331,59330000,7,-6.057086399999999,-36.9970831,"Jucurutu - State of Rio Grande do Norte, 59330-000, Brazil",199.93734470268913
332,59072105,5,,,,
333,59012330,10,-5.7842065,-35.1952582,"Petrópolis, Natal - RN, 59012-330, Brazil",5.419576245984362
334,59151000,10,-5.8805345,-35.2103306,"R. Praia do Futuro - Nova Parnamirim, Parnamirim - RN, 59151-000, Brazil",5.378352630972915
335,59280000,9,-5.894934699999999,-35.4343604,"Macaíba - State of Rio Grande do Norte, 59280-000, Brazil",26.289020267025123
336,0,2,,,,
337,0,5,,,,
338,59068650,10,-5.8517414,-35.236902,"Pitimbú, Natal - RN, 59068-650, Brazil",4.106906946589188
339,59082000,13,-5.8609254,-35.1955051,"R. Ismael Pereira da Silva - Capim Macio, Natal - RN, 59082-000, Brazil",3.365328510159816
340,59550000,7,-5.443088899999999,-35.8716137,"João Câmara - RN, 59550-000, Brazil",85.43119728866344
341,0,7,,,,
342,59070750,3,-5.8331691,-35.2313608,"Cidade da Esperança, Natal - RN, 59070-750, Brazil",2.877616606969103
343,59347000,10,-6.6760711,-36.9326095,"Ouro Branco - State of Rio Grande do Norte, 59347-000, Brazil",212.70183787070275
344,59132030,8,-5.7283165,-35.2433199,"Pajuçara, Natal - RN, 59132-030, Brazil",12.226689958731102
345,59247000,9,-6.1459019,-35.5110513,"Lagoa Salgada - State of Rio Grande do Norte, 59247-000, Brazil",48.46698824489681
346,59104212,11,-5.7711532,-35.2659018,"Av. Bacharel Tomaz Landim - Igapó, Natal - RN, 59104-212, Brazil",9.508214164396641
347,59143455,8,-5.9378879,-35.2768154,"R. Antônia de Lima Paiva - Nova Esperança, Parnamirim - RN, 59143-455, Brazil",14.116413974669777
348,59141450,3,-5.9252758,-35.2772855,"R. João Alves dos Santos - Rosa dos Ventos, Parnamirim - RN, 59141-450, Brazil",13.016485653594092
349,59550000,7,-5.443088899999999,-35.8716137,"João Câmara - RN, 59550-000, Brazil",85.43119728866344
350,59170000,12,-6.1869538,-35.2038559,"Arês - State of Rio Grande do Norte, 59170-000, Brazil",39.23675331628781
351,59110000,10,-5.756317900000001,-35.25593509999999,"Av. Florianópolis - Potengi, Natal - RN, 59110-000, Brazil",10.082451577438025
352,59014600,11,-5.7949613,-35.1982642,"Tirol, Natal - RN, 59014-600, Brazil",4.187829243757839
353,59066030,7,-5.8476966,-35.2174828,"Candelária, Natal - RN, 59066-030, Brazil",2.1787213364722096
354,59106090,7,-5.7664879,-35.2699866,"R. São Miguel - Igapó, Natal - RN, 59106-090, Brazil",10.193173172671498
355,59140200,7,-5.9206808,-35.2623635,"Av. Brg. Everaldo Breves - Centro, Parnamirim - RN, 59140-200, Brazil",11.646572636538371
356,59072450,9,-5.8284053,-35.2445802,"R. Sampaio Correia - Cidade Nova, Natal - RN, 59072-450, Brazil",4.359165496297956
357,59178000,11,-6.221180599999999,-35.1048713,"Tibau do Sul - State of Rio Grande do Norte, 59178-000, Brazil",44.43757752996266
358,59290000,8,-5.7761157,-35.3685679,"São Gonçalo do Amarante - State of Rio Grande do Norte, 59290-000, Brazil",19.104496565746288
359,59148360,5,-5.892171299999999,-35.237645,"Emaús, Parnamirim - State of Rio Grande do Norte, 59148-360, Brazil",7.537133116335212
360,59135760,6,-5.725052799999999,-35.2508583,"Lagoa Azul, Natal - RN, 59135-760, Brazil",12.869414324116928
361,59086650,10,-5.8716507,-35.2100811,"Neópolis, Natal - RN, 59086-650, Brazil",4.398799749340579
362,59570000,6,-5.6131011,-35.4343604,"Ceará-Mirim - State of Rio Grande do Norte, 59570-000, Brazil",35.07154565517941
363,59138180,10,-5.734193599999999,-35.2650501,"Lagoa Azul, Natal - RN, 59138-180, Brazil",12.688536853080402
364,59570000,11,-5.6131011,-35.4343604,"Ceará-Mirim - State of Rio Grande do Norte, 59570-000, Brazil",35.07154565517941
365,59148450,7,-5.890566799999999,-35.232726,"Emaús, Parnamirim - State of Rio Grande do Norte, 59148-450, Brazil",7.133758035988751
366,59131370,7,-5.7241705,-35.2448077,"Pajuçara, Natal - RN, 59131-370, Brazil",12.713888202490029
367,59120390,7,-5.7586205,-35.2424769,"Potengi, Natal - RN, 59120-390, Brazil",9.10963010734143
368,59020110,11,-5.7889583,-35.2001822,"Tirol, Natal - RN, 59020-110, Brazil",4.81128318954925
369,97050023,9,-29.6856063,-53.8010895,"Rua Benjamim Constant - Centro, Santa Maria - RS, 97050-023, Brazil",3283.8056614220727
370,59380000,9,-6.238218,-36.4797126,"Currais Novos - State of Rio Grande do Norte, 59380-000, Brazil",148.0493545370934
371,59200000,6,-6.279565799999999,-35.958777,"Santa Cruz - State of Rio Grande do Norte, 59200-000, Brazil",96.97302298035063
372,59200000,3,-6.279565799999999,-35.958777,"Santa Cruz - State of Rio Grande do Norte, 59200-000, Brazil",96.97302298035063
373,59114230,9,-5.745995,-35.26821,"Nossa Sra. da Apresentação, Natal - RN, 59114-230, Brazil",11.797187518776816
374,59148333,10,-5.8931878,-35.2366861,"Vila Foilia, Parnamirim - State of Rio Grande do Norte, 59148-333, Brazil",7.587229301715101
375,59094520,11,-5.8748639,-35.1823186,"Ponta Negra, Natal - State of Rio Grande do Norte, 59094-520, Brazil",5.370554363922324
376,51020011,9,-8.1133126,-34.8917916,"R. dos Navegantes - Boa Viagem, Recife - PE, 51020-011, Brazil",254.64412533278386
377,59125110,14,-5.751421,-35.2401563,"R. Piracanjuba - Potengi, Natal - RN, 59125-110, Brazil",9.72225690540817
378,59091170,9,-5.8791945,-35.1983101,"Ponta Negra, Natal - State of Rio Grande do Norte, 59091-170, Brazil",5.2612103220425
379,59132120,8,,,,
380,59120260,11,-5.756724200000001,-35.2465701,"Potengi, Natal - RN, 59120-260, Brazil",9.506250581334976
381,59150330,10,-5.8803861,-35.212704,"Clube do Pitimbu, Parnamirim - State of Rio Grande do Norte, 59150-330, Brazil",5.3951478078190185
382,59152690,4,-5.892638799999999,-35.2060474,"Nova Parnamirim, Parnamirim - State of Rio Grande do Norte, 59152-690, Brazil",6.689483181860167
383,59092200,11,-5.8775251,-35.1814221,"Ponta Negra, Natal - State of Rio Grande do Norte, 59092-200, Brazil",5.676873995871813
384,0,8,,,,
385,59290000,11,-5.7761157,-35.3685679,"São Gonçalo do Amarante - State of Rio Grande do Norte, 59290-000, Brazil",19.104496565746288
386,59071300,9,-5.823849399999999,-35.2404284,"Cidade da Esperança, Natal - RN, 59071-300, Brazil",3.986792758109293
387,59151427,7,-5.8920029,-35.2031309,"Nova Parnamirim, Parnamirim - State of Rio Grande do Norte, 59151-427, Brazil",6.62352947888471
388,59570000,7,-5.6131011,-35.4343604,"Ceará-Mirim - State of Rio Grande do Norte, 59570-000, Brazil",35.07154565517941
389,59147130,10,-5.8945074,-35.2693061,"Lot. Projetado, Parnamirim - RN, 59147-130, Brazil",9.88130298450859
390,59120260,3,-5.756724200000001,-35.2465701,"Potengi, Natal - RN, 59120-260, Brazil",9.506250581334976
391,59086320,6,-5.8659075,-35.2113434,"Neópolis, Natal - RN, 59086-320, Brazil",3.7906293249373633
392,59515000,9,-5.6029364,-36.5661908,"Angicos - State of Rio Grande do Norte, 59515-000, Brazil",152.85054063163548
393,60025062,6,-3.7431108,-38.5336224,"Rua Barão do Rio Branco - Fatima, Fortaleza - CE, 60025-062, Brazil",435.5088620280588
394,59064550,6,-5.8362395,-35.2138397,"Candelária, Natal - RN, 59064-550, Brazil",1.0385801216074428
395,59144276,12,-5.9380092,-35.2788923,"Nova Esperança, Parnamirim - RN, 59144-276, Brazil",14.257549071223927
396,59078110,8,-5.8400745,-35.2047128,"Capim Macio, Natal - RN, 59078-110, Brazil",0.8794964062825917
397,59132430,9,-5.7362438,-35.2369623,"Pajuçara, Natal - RN, 59132-430, Brazil",11.167302161561546
398,59073250,9,-5.8548512,-35.2559635,"Planalto, Natal - RN, 59073-250, Brazil",6.136895972011178
399,59270000,9,-6.0073415,-35.5876697,"Bom Jesus - State of Rio Grande do Norte, 59270-000, Brazil",46.55189299837328
400,59088760,11,-5.8781604,-35.2041596,"Ponta Negra, Natal - State of Rio Grande do Norte, 59088-760, Brazil",5.089832772844641
401,59064330,8,-5.8277455,-35.2221712,"Lagoa Nova, Natal - RN, 59064-330, Brazil",1.920521885068798
402,59142185,4,-5.9211615,-35.2813602,"R. Raquel Gomes de Castro - Santa Tereza, Parnamirim - RN, 59142-185, Brazil",12.948092521631061
403,59090320,13,-5.8866665,-35.1703225,"Ponta Negra, Natal - State of Rio Grande do Norte, 59090-320, Brazil",7.171585126735123
404,18682430,7,-22.619056,-48.8018984,"Jardim Itamaraty, Lençóis Paulista - SP, 18682-430, Brazil",2363.154598747494
405,59150815,5,-5.882827499999999,-35.2103304,"R. Padre Rodolfo Lukebin - Nova Parnamirim, Parnamirim - RN, 59150-815, Brazil",5.630671084557935
406,59042050,7,-5.7959751,-35.2371782,"Quintas, Natal - RN, 59042-050, Brazil",5.328527143841013
407,59151903,5,,,,
408,59122120,9,-5.750660799999999,-35.2035369,"Av. da Praia - Redinha, Natal - RN, 59122-120, Brazil",9.013995808334407
409,59071140,7,-5.8262728,-35.2402262,"Cidade da Esperança, Natal - RN, 59071-140, Brazil",3.911644421906311
410,59014040,11,-5.784512599999999,-35.1932363,"Areia Preta, Natal - RN, 59014-040, Brazil",5.437558750391053
411,59064500,7,-5.8235706,-35.2200516,"Lagoa Nova, Natal - RN, 59064-500, Brazil",1.8799934366835105
412,59150350,7,-5.8809209,-35.2134612,"Clube do Pitimbu, Parnamirim - State of Rio Grande do Norte, 59150-350, Brazil",5.466698359295713
413,59140120,8,-5.915363999999999,-35.2593767,"Centro, Parnamirim - RN, 59140-120, Brazil",10.973265078663944
414,59010670,10,-5.7714987,-35.2016784,"Rocas, Natal - RN, 59010-670, Brazil",6.719904783065539
415,59120070,7,-5.7535845,-35.2519069,"Potengi, Natal - RN, 59120-070, Brazil",10.100581549887087
416,59037000,9,-5.8000588,-35.2219262,"Av. Coronel Estevam - Alecrim, Natal - RN, 59037-000, Brazil",3.993257217725978
417,59090190,7,-5.880117,-35.17483,"Ponta Negra, Natal - State of Rio Grande do Norte, 59090-190, Brazil",6.292446839479029
418,59575000,8,-5.6765399,-35.2807624,"Extremoz - State of Rio Grande do Norte, 59575-000, Brazil",19.12614538543477
419,59628608,10,-5.2317843,-37.31848919999999,"R. Iêda Rodrigues Rocha - Dom Jaime Câmara, Mossoró - RN, 59628-608, Brazil",243.36969636483138
420,59152623,10,-5.8986363,-35.1993377,"Nova Parnamirim, Parnamirim - State of Rio Grande do Norte, 59152-623, Brazil",7.382891257694886
421,59078460,5,-5.8508634,-35.1989945,"Capim Macio, Natal - RN, 59078-460, Brazil",2.1874309926836806
422,59022500,9,-5.800557899999999,-35.2026893,"Tirol, Natal - RN, 59022-500, Brazil",3.5065905421947945
423,59570000,9,-5.6131011,-35.4343604,"Ceará-Mirim - State of Rio Grande do Norte, 59570-000, Brazil",35.07154565517941
424,59090080,7,-5.8736611,-35.1790229,"Ponta Negra, Natal - State of Rio Grande do Norte, 59090-080, Brazil",5.44084571787135
425,59590000,7,-5.201435399999999,-36.11108,"São Bento do Norte - State of Rio Grande do Norte, 59590-000, Brazil",122.21283687349734
426,59155410,6,-5.924265399999999,-35.2482221,"Liberdade, Parnamirim - RN, 59155-410, Brazil",11.236368149790328
427,0,8,,,,
428,59146415,10,-5.9001229,-35.258033,"Parque de Exposicoes, Parnamirim - RN, 59146-415, Brazil",9.511977597504783
429,59051000,9,-5.804454,-35.2281769,"Av. Bernardo Vieira - Quintas, Natal - RN, 59051-000, Brazil",3.968145487965898
430,59054530,7,-5.8138789,-35.216546,"Lagoa Nova, Natal - RN, 59054-530, Brazil",2.3680243994989905
431,59145630,9,-5.912432,-35.2793711,"Passagem de Areia, Parnamirim - State of Rio Grande do Norte, 59145-630, Brazil",12.07990320392158
432,59149370,4,-5.878960999999999,-35.25321690000001,"Emaús, Parnamirim - RN, 59149-370, Brazil",7.405456229857427
433,59052700,9,-5.810272599999999,-35.2286208,"R. dos Caicós - Dix-Sept Rosado, Natal - RN, 59052-700, Brazil",3.5311415014427654
434,59072150,7,-5.827419099999999,-35.2497287,"Felipe Camarão, Natal - RN, 59072-150, Brazil",4.937435826812679
435,59995000,9,-6.2009189,-38.3060321,"Água Nova - State of Rio Grande do Norte, 59995-000, Brazil",345.6853147483
436,59015350,6,-5.8042696,-35.2091494,"Lagoa Seca, Natal - RN, 59015-350, Brazil",3.111164357646439
437,59144375,7,-5.9462607,-35.2750797,"Nova Esperança, Parnamirim - RN, 59144-375, Brazil",14.791208278057516
438,59082160,7,-5.8637315,-35.1951368,"Capim Macio, Natal - RN, 59082-160, Brazil",3.6725495403796415
439,59550000,9,-5.443088899999999,-35.8716137,"João Câmara - RN, 59550-000, Brazil",85.43119728866344
440,59141280,10,-5.9205235,-35.2785291,"R. Oscár Ramalho de Farias - Rosa dos Ventos, Parnamirim - RN, 59141-280, Brazil",12.692239186157739
441,59300000,5,-6.469643899999999,-37.0829593,"Caicó - State of Rio Grande do Norte, 59300-000, Brazil",219.44521030367468
442,59148900,4,,,,
443,59108220,2,-5.7630779,-35.2560039,"Potengi, Natal - RN, 59108-220, Brazil",9.474257199337481
444,59073272,9,,,,
445,59068380,6,-5.856482799999999,-35.2365716,"Pitimbú, Natal - RN, 59068-380, Brazil",4.37714097840498
446,59054650,6,-5.8121187,-35.21223,"Lagoa Nova, Natal - RN, 59054-650, Brazil",2.3409741658402883
447,59155470,9,-5.924736999999999,-35.2515102,"Vida Nova, Parnamirim - State of Rio Grande do Norte, 59155-470, Brazil",11.441473484473446
448,59140710,8,-5.9275218,-35.2679928,"Cohabinal, Parnamirim - RN, 59140-710, Brazil",12.620653569035381
449,59115553,5,,,,
450,59290000,7,-5.7761157,-35.3685679,"São Gonçalo do Amarante - State of Rio Grande do Norte, 59290-000, Brazil",19.104496565746288
451,59125335,8,,,,
452,12710520,9,-22.5667873,-44.9585016,"Vila Paulo Romeu, Cruzeiro - SP, 12710-520, Brazil",2127.7618333040896
453,59152901,5,,,,
454,59125370,7,-5.7437215,-35.2423058,"R. Bela Vista - Pajuçara, Natal - RN, 59125-370, Brazil",10.599055248488353
455,59062195,7,-5.812823499999999,-35.2298125,"Av. Amintas Barros - Nossa Sra. de Nazaré, Natal - RN, 59062-195, Brazil",3.4467113246215653
456,59078050,7,-5.840974399999999,-35.2073446,"Rua das Verbenas - Capim Macio, Natal - RN, 59078-050, Brazil",0.9992973088810536
457,59042250,4,-5.7971037,-35.2420726,"Nordeste, Natal - RN, 59042-250, Brazil",5.614253490993409
458,59054060,4,-5.806560699999999,-35.225673,"Dix-Sept Rosado, Natal - RN, 59054-060, Brazil",3.612615298792888
459,59129280,2,-5.741358399999999,-35.255363,"Potengi, Natal - RN, 59129-280, Brazil",11.464474042738088
460,59146030,2,-5.9088523,-35.2746699,"Passagem de Areia, Parnamirim - RN, 59146-030, Brazil",11.436511298140683
461,59056300,3,-5.8206238,-35.2049423,"Natal - State of Rio Grande do Norte, 59056-300, Brazil",1.2757379639949271
462,0,3,,,,
463,59066800,5,-5.8328693,-35.2130273,"Lagoa Nova, Natal - State of Rio Grande do Norte, 59066-800, Brazil",0.8487583210244447
464,59138150,4,-5.7354951,-35.2653445,"Lagoa Azul, Natal - RN, 59138-150, Brazil",12.583055449994273
465,59570000,6,-5.6131011,-35.4343604,"Ceará-Mirim - State of Rio Grande do Norte, 59570-000, Brazil",35.07154565517941
466,59062350,5,-5.8178335,-35.2164071,"Lagoa Nova, Natal - RN, 59062-350, Brazil",1.9984227037077091
467,52110000,3,-8.029342999999999,-34.897263,"Av. Eng. Agamenon de Magalhães Melo - Tamarineira, Recife - PE, 52110-000, Brazil",245.36286994564486
468,59010070,5,-5.7783029,-35.1953993,"Praia do Meio, Natal - RN, 59010-070, Brazil",6.056897075526139
469,59078200,1,-5.8426351,-35.2064332,"Capim Macio, Natal - RN, 59078-200, Brazil",1.1650575002175156
470,59035470,3,-5.8034288,-35.2278531,"R. Padre João Maria - Quintas, Natal - RN, 59035-470, Brazil",4.034089685678556
471,59631360,1,-5.2144163,-37.3417575,"Planalto Treze de Maio, Mossoró - RN, 59631-360, Brazil",246.37997589088445
472,58840000,2,-6.8070569,-37.8300034,"Pombal - PB, 58840-000, Brazil",309.7693683513813
473,59173000,5,-6.2858448,-35.1928634,"Goianinha - State of Rio Grande do Norte, 59173-000, Brazil",50.19166034224155
474,0,2,,,,
475,59068820,2,-5.8550217,-35.2335208,"Pitimbú, Natal - RN, 59068-820, Brazil",4.012137472376341
476,59068450,2,-5.8627935,-35.2332644,"Pitimbú, Natal - RN, 59068-450, Brazil",4.583350868639429
477,59152820,2,-5.887114,-35.2131285,"Parnamirim - State of Rio Grande do Norte, 59152-820, Brazil",6.138138356192024
478,59078970,6,,,,
479,51020041,2,-8.1138849,-34.8958389,"Boa Viagem, Recife - State of Pernambuco, 51020-041, Brazil",254.64637394564167
480,59575000,4,-5.6765399,-35.2807624,"Extremoz - State of Rio Grande do Norte, 59575-000, Brazil",19.12614538543477
481,59151480,2,-5.8867911,-35.2029916,"Nova Parnamirim, Parnamirim - State of Rio Grande do Norte, 59151-480, Brazil",6.048290595905899
482,59078170,2,-5.843176199999999,-35.2044456,"Capim Macio, Natal - RN, 59078-170, Brazil",1.2237743662929952
483,59125370,3,-5.7437215,-35.2423058,"R. Bela Vista - Pajuçara, Natal - RN, 59125-370, Brazil",10.599055248488353
484,59074590,5,-5.8255973,-35.2532193,"Felipe Camarão, Natal - RN, 59074-590, Brazil",5.345570238754531
485,59123690,2,-5.7445448,-35.2386606,"Pajuçara, Natal - RN, 59123-690, Brazil",10.36483556845593
486,59124230,3,-5.7430686,-35.2493253,"Potengi, Natal - RN, 59124-230, Brazil",10.987173004598628
487,59151650,2,-5.885781400000001,-35.1977381,"Nova Parnamirim, Natal - State of Rio Grande do Norte, 59151-650, Brazil",5.991104130192328
488,71100131,2,,,,
489,59090710,5,-5.8839904,-35.1775248,"Ponta Negra, Natal - State of Rio Grande do Norte, 59090-710, Brazil",6.510847672079023
490,59133040,2,-5.7368693,-35.2401127,"Pajuçara, Natal - RN, 59133-040, Brazil",11.216400755261219
491,59152110,4,-5.8932444,-35.19321070000001,"Parnamirim - State of Rio Grande do Norte, 59152-110, Brazil",6.889531716083815
492,59076500,3,-5.8304601,-35.2053862,"Lagoa Nova, Natal - RN, 59076-500, Brazil",0.18699325012168314
493,0,4,,,,
494,59072800,5,-5.8334248,-35.2420726,"Cidade Nova, Natal - RN, 59072-800, Brazil",4.064154099606238
495,59110680,5,-5.7612033,-35.2484203,"Rua José Fernandes da Silva - Potengi, Natal - RN, 59110-680, Brazil",9.179420062280121
496,59650000,3,-5.4652715,-37.0400339,"Assu - State of Rio Grande do Norte, 59650-000, Brazil",207.25509928351602
497,59680000,1,-5.8913185,-37.3399768,"Campo Grande - State of Rio Grande do Norte, 59680-000, Brazil",236.47651541275954
498,59075290,7,,,,
499,59106130,2,-5.7666617,-35.2707383,"R. Vivaldo Pereira de Araújo - Igapó, Natal - RN, 59106-130, Brazil",10.238166362940786
500,59072420,2,-5.830164099999999,-35.2482334,"Felipe Camarão, Natal - RN, 59072-420, Brazil",4.7491015033061
501,59143250,4,,,,
502,59280000,3,-5.894934699999999,-35.4343604,"Macaíba - State of Rio Grande do Norte, 59280-000, Brazil",26.289020267025123
503,59063400,2,-5.826209299999999,-35.2197297,"Av. Capitão-Mor Gouveia - Lagoa Nova, Natal - RN, 59063-400, Brazil",1.7179351638771967
504,59570000,4,-5.6131011,-35.4343604,"Ceará-Mirim - State of Rio Grande do Norte, 59570-000, Brazil",35.07154565517941
505,59076725,6,-5.8344185,-35.2083016,"Lagoa Nova, Natal - RN, 59076-725, Brazil",0.4078629935075796
506,59148430,3,-5.8913959,-35.2344219,"Emaús, Parnamirim - State of Rio Grande do Norte, 59148-430, Brazil",7.297638369187363
507,59068380,2,-5.856482799999999,-35.2365716,"Pitimbú, Natal - RN, 59068-380, Brazil",4.37714097840498
508,59300000,1,-6.469643899999999,-37.0829593,"Caicó - State of Rio Grande do Norte, 59300-000, Brazil",219.44521030367468
509,59182000,6,-6.0912649,-35.4124355,"Monte Alegre - State of Rio Grande do Norte, 59182-000, Brazil",36.695600387207
510,59022545,2,-5.801233,-35.2063883,"Av. Prudente de Morais - Barro Vermelho, Natal - RN, 59022-545, Brazil",3.4208502551749813
511,59315000,1,-6.7668669,-37.1044125,"Ipueira - State of Rio Grande do Norte, 59315-000, Brazil",234.1757667153646
512,59210000,1,-6.394842499999999,-36.0675952,"São Bento do Trairi - State of Rio Grande do Norte, 59210-000, Brazil",113.93112778169669
513,0,5,,,,
514,59078480,2,-5.8512833,-35.2002686,"Capim Macio, Natal - RN, 59078-480, Brazil",2.190662942766
515,59120220,3,,,,
516,59052205,2,-5.810923499999999,-35.2310832,"Travessa Coronel Estevam - Dix-Sept Rosado, Natal - RN, 59052-205, Brazil",3.688227763877119
517,59150690,3,-5.8828154,-35.2147601,"R. Pendências - Nova Parnamirim, Parnamirim - RN, 59150-690, Brazil",5.697904785179822
518,59570000,2,-5.6131011,-35.4343604,"Ceará-Mirim - State of Rio Grande do Norte, 59570-000, Brazil",35.07154565517941
519,59104210,2,-5.7732567,-35.2558554,"Igapó, Natal - RN, 59104-210, Brazil",8.581826111140971
520,59115410,5,-5.7495955,-35.2708707,"Nossa Sra. da Apresentação, Natal - RN, 59115-410, Brazil",11.65897964588126
521,59550000,2,-5.443088899999999,-35.8716137,"João Câmara - RN, 59550-000, Brazil",85.43119728866344
522,59020240,7,-5.7943137,-35.2020941,"Tirol, Natal - RN, 59020-240, Brazil",4.200222178191435
523,59012490,5,-5.7821321,-35.2029413,"Rua Domingos Sávio - Ribeira, Natal - RN, 59012-490, Brazil",5.5380546051296555
524,59570000,2,-5.6131011,-35.4343604,"Ceará-Mirim - State of Rio Grande do Norte, 59570-000, Brazil",35.07154565517941
525,59139290,5,-5.7308891,-35.2663718,"Av. Buenaventura - Lagoa Azul, Natal - RN, 59139-290, Brazil",13.076914924351911
526,0,2,,,,
527,0,2,,,,
528,59125470,3,-5.8887941,-35.1647079,"Ponta Negra, Natal - State of Rio Grande do Norte, 59125-470, Brazil",7.716253019517756
529,59054560,2,-5.8120237,-35.2174547,"R. Alm. Tamandaré - Lagoa Nova, Natal - RN, 59054-560, Brazil",2.595647471003826
530,59214000,2,-6.4228388,-35.7188463,"Serra de São Bento - RN, 59214-000, Brazil",86.58474138975491
531,59280000,3,-5.894934699999999,-35.4343604,"Macaíba - State of Rio Grande do Norte, 59280-000, Brazil",26.289020267025123
532,59082210,3,-5.866934199999999,-35.1911372,"Capim Macio, Natal - RN, 59082-210, Brazil",4.158076337400722
533,0,3,,,,
534,0,4,,,,
535,0,4,,,,
536,59078160,3,-5.8427867,-35.2046555,"Capim Macio, Natal - RN, 59078-160, Brazil",1.1790202180765534
537,59115610,2,,,,
538,59158840,2,,,,
539,0,4,,,,
540,59078170,2,-5.843176199999999,-35.2044456,"Capim Macio, Natal - RN, 59078-170, Brazil",1.2237743662929952
541,59108300,5,-5.7647362,-35.2556046,"Potengi, Natal - RN, 59108-300, Brazil",9.300524139330449
542,59075100,3,-5.825098,-35.2011519,"Nova Descoberta, Natal - RN, 59075-100, Brazil",0.9106957492721451
543,0,1,,,,
544,59123465,2,-5.7418947,-35.2423798,"Pajuçara, Natal - RN, 59123-465, Brazil",10.788835836436878
545,59060530,2,-5.8219201,-35.227733,"Nossa Sra. de Nazaré, Natal - RN, 59060-530, Brazil",2.7201267071947757
546,59064530,7,-5.838249299999999,-35.2130921,"Candelária, Natal - RN, 59064-530, Brazil",1.0867609749502292
547,59091030,2,-5.873479499999999,-35.20034589999999,"Ponta Negra, Natal - State of Rio Grande do Norte, 59091-030, Brazil",4.604450420496212
548,59090000,3,,,,
549,59144164,2,-5.946836200000001,-35.2784181,"R. Parque Embu-Guaçu - Nova Esperança, Parnamirim - RN, 59144-164, Brazil",15.041006346973955
550,59032390,1,-5.807964999999999,-35.215667,"Alecrim, Natal - RN, 59032-390, Brazil",2.906422942107162
551,59151390,5,-5.886588100000001,-35.2006749,"Rua Joaquim Teodoro de Oliveira - Nova Parnamirim, Parnamirim - RN, 59151-390, Brazil",6.042642907004511
552,59149220,1,-5.884789899999999,-35.2494245,"Emaús, Parnamirim - RN, 59149-220, Brazil",7.593270953712754
553,59080100,2,-5.851459999999999,-35.2063837,"Natal - State of Rio Grande do Norte, 59080-100, Brazil",2.138094949509857
554,59152600,3,-5.8891056,-35.2081512,"Av. Maria Lacerda Montenegro - Nova Parnamirim, Parnamirim - RN, 59152-600, Brazil",6.305753781828248
555,59114744,2,,,,
556,59063110,1,-5.821993399999999,-35.2205918,"Lagoa Nova, Natal - RN, 59063-110, Brazil",2.023257352492875
557,0,2,,,,
558,59067620,3,,,,
559,59380000,3,-6.238218,-36.4797126,"Currais Novos - State of Rio Grande do Norte, 59380-000, Brazil",148.0493545370934
560,59152600,2,-5.8891056,-35.2081512,"Av. Maria Lacerda Montenegro - Nova Parnamirim, Parnamirim - RN, 59152-600, Brazil",6.305753781828248
561,0,2,,,,
562,59151750,5,-5.8897144,-35.1983552,"Nova Parnamirim, Parnamirim - State of Rio Grande do Norte, 59151-750, Brazil",6.413285135584106
563,59380000,2,-6.238218,-36.4797126,"Currais Novos - State of Rio Grande do Norte, 59380-000, Brazil",148.0493545370934
564,59164000,2,-6.055992499999999,-35.1708741,"Nísia Floresta - State of Rio Grande do Norte, 59164-000, Brazil",25.04718252379083
565,0,1,,,,
566,59152330,4,-5.8888701,-35.2053628,"Nova Parnamirim, Parnamirim - State of Rio Grande do Norte, 59152-330, Brazil",6.272331205475579
567,59152185,4,-5.8910092,-35.1916388,"Parnamirim - State of Rio Grande do Norte, 59152-185, Brazil",6.684828950271177
568,59073145,5,-5.8552238,-35.2495626,"Planalto, Natal - RN, 59073-145, Brazil",5.516634441833693
569,59082010,1,-5.8547096,-35.2031473,"Capim Macio, Natal - RN, 59082-010, Brazil",2.507070638364699
570,0,1,,,,
571,59570000,6,-5.6131011,-35.4343604,"Ceará-Mirim - State of Rio Grande do Norte, 59570-000, Brazil",35.07154565517941
572,59082260,5,-5.8691206,-35.1882878,"Capim Macio, Natal - RN, 59082-260, Brazil",4.506031109146562
573,59067320,6,-5.8686842,-35.2332851,"Pitimbú, Natal - RN, 59067-320, Brazil",5.085313267113443
574,59025470,4,-5.787570700000001,-35.211196,"Cidade Alta, Natal - RN, 59025-470, Brazil",4.97160003401699
575,59054620,6,-5.810180900000001,-35.2150759,"R. Cônego Luiz Wanderley - Lagoa Nova, Natal - RN, 59054-620, Brazil",2.655539400176471
576,59550000,6,-5.443088899999999,-35.8716137,"João Câmara - RN, 59550-000, Brazil",85.43119728866344
577,0,2,,,,
578,59149323,5,-5.8807111,-35.2480923,"Emaús, Parnamirim - RN, 59149-323, Brazil",7.154942155903394
579,59518000,7,-5.8393161,-36.8895956,"São Rafael - State of Rio Grande do Norte, 59518-000, Brazil",186.5205599340949
580,59112430,7,-5.7505465,-35.2589518,"Potengi, Natal - RN, 59112-430, Brazil",10.799071210756573
581,59152820,6,-5.887114,-35.2131285,"Parnamirim - State of Rio Grande do Norte, 59152-820, Brazil",6.138138356192024
582,59290000,7,-5.7761157,-35.3685679,"São Gonçalo do Amarante - State of Rio Grande do Norte, 59290-000, Brazil",19.104496565746288
583,59584000,7,-5.2573734,-35.5220012,"Touros - State of Rio Grande do Norte, 59584-000, Brazil",72.59957969993386
584,1507000,6,,,,
585,59146810,7,-5.8993288,-35.2692822,"Parnamirim - State of Rio Grande do Norte, 59146-810, Brazil",10.258648548782636
586,59440000,7,-6.0869171,-35.9369952,"Sítio Novo - State of Rio Grande do Norte, 59440-000, Brazil",85.76348178660454
587,59700000,7,-5.6455578,-37.8512309,"Apodi - State of Rio Grande do Norte, 59700-000, Brazil",293.7916239550632
588,59012200,7,-5.77501,-35.2041394,"Av. Duque de Caxias - Ribeira, Natal - RN, 59012-200, Brazil",6.320508330635359
589,59088725,4,-5.876944399999999,-35.2035864,"Neópolis, Natal - RN, 59088-725, Brazil",4.957571824143898
590,59094550,7,,,,
591,59550000,7,-5.443088899999999,-35.8716137,"João Câmara - RN, 59550-000, Brazil",85.43119728866344
592,59073100,4,-5.8497308,-35.2531189,"Planalto, Natal - RN, 59073-100, Brazil",5.631202965423146
593,59139430,6,-5.730695,-35.2694183,"Lagoa Azul, Natal - RN, 59139-430, Brazil",13.27246135963863
594,59082180,2,-5.865048499999999,-35.1934463,"Capim Macio, Natal - RN, 59082-180, Brazil",3.8712508863511754
595,59570000,7,-5.6131011,-35.4343604,"Ceará-Mirim - State of Rio Grande do Norte, 59570-000, Brazil",35.07154565517941
596,59140780,5,-5.9224497,-35.2688586,"Cohabinal, Parnamirim - RN, 59140-780, Brazil",12.21077382717985
597,59150260,3,,,,
598,0,1,,,,
599,59185000,7,-6.333841899999999,-35.379537,"Várzea - State of Rio Grande do Norte, 59185-000, Brazil",58.73382206910249
600,59631450,6,-5.21713,-37.3382442,"Planalto Treze de Maio, Mossoró - RN, 59631-450, Brazil",245.92230137727225
601,59700000,6,-5.6455578,-37.8512309,"Apodi - State of Rio Grande do Norte, 59700-000, Brazil",293.7916239550632
602,59700000,7,-5.6455578,-37.8512309,"Apodi - State of Rio Grande do Norte, 59700-000, Brazil",293.7916239550632
603,59330000,7,-6.057086399999999,-36.9970831,"Jucurutu - State of Rio Grande do Norte, 59330-000, Brazil",199.93734470268913
604,59149025,6,-5.8817736,-35.2328193,"Parnamirim - State of Rio Grande do Norte, 59149-025, Brazil",6.271799997992313
605,0,4,,,,
606,59054831,3,-5.8179854,-35.2146607,"Lagoa Nova, Natal - RN, 59054-831, Brazil",1.8725697708232814
607,59064280,7,-5.8304594,-35.2284543,"Cidade da Esperança, Natal - RN, 59064-280, Brazil",2.560376104989828
608,59270000,5,-6.0073415,-35.5876697,"Bom Jesus - State of Rio Grande do Norte, 59270-000, Brazil",46.55189299837328
609,59280000,7,-5.894934699999999,-35.4343604,"Macaíba - State of Rio Grande do Norte, 59280-000, Brazil",26.289020267025123
610,59612020,7,-5.1746744,-37.3568905,"Nova Betânia, Mossoró - RN, 59612-020, Brazil",249.2453248187646
611,59014100,6,-5.786181399999999,-35.1898609,"Areia Preta, Natal - RN, 59014-100, Brazil",5.36687959596949
612,59022180,7,-5.8072551,-35.2037421,"Tirol, Natal - RN, 59022-180, Brazil",2.7592241817115704
613,59123345,5,-5.7362009,-35.2493138,"Pajuçara, Natal - RN, 59123-345, Brazil",11.672447168446112
614,59064390,7,-5.830864699999999,-35.2196705,"R. Raimundo Chaves - Candelária, Natal - RN, 59064-390, Brazil",1.5871378742045046
615,59550000,7,-5.443088899999999,-35.8716137,"João Câmara - RN, 59550-000, Brazil",85.43119728866344
616,59086070,2,-5.863128400000001,-35.2075319,"Neópolis, Natal - RN, 59086-070, Brazil",3.433809657033287
617,59400000,7,-5.9840258,-36.1328132,"São Tomé - State of Rio Grande do Norte, 59400-000, Brazil",104.05904828762164
618,59153155,3,-12.8852583,-38.362499,"Jardim Tropical, Salvador - State of Bahia, 59153-155, Brazil",853.6249330697415
619,59151410,3,-5.8903789,-35.1998728,"Nova Parnamirim, Parnamirim - State of Rio Grande do Norte, 59151-410, Brazil",6.46817704547905
620,59290000,6,-5.7761157,-35.3685679,"São Gonçalo do Amarante - State of Rio Grande do Norte, 59290-000, Brazil",19.104496565746288
621,59360000,7,-6.7180078,-36.6525696,"Parelhas - State of Rio Grande do Norte, 59360-000, Brazil",187.72660114443786
622,59290000,7,-5.7761157,-35.3685679,"São Gonçalo do Amarante - State of Rio Grande do Norte, 59290-000, Brazil",19.104496565746288
623,59035030,3,-5.8007938,-35.2347368,"Quintas, Natal - RN, 59035-030, Brazil",4.752175346042969
624,59135650,3,-5.7279392,-35.2514011,"Lagoa Azul, Natal - RN, 59135-650, Brazil",12.600471070051103
625,59140820,6,-5.919927299999999,-35.2680147,"Cohabinal, Parnamirim - RN, 59140-820, Brazil",11.929181038890079
626,69055021,7,-3.0846185,-60.0092812,"Parque Dez de Novembro, Manaus - AM, 69055-021, Brazil",2769.174070925626
627,59080480,4,-5.8603575,-35.2094585,"Neópolis, Natal - RN, 59080-480, Brazil",3.151500725466774
628,59014680,5,,,,
629,59020130,4,-5.7896813,-35.2054434,"Cidade Alta, Natal - RN, 59020-130, Brazil",4.696542557480971
630,59157218,6,-5.9438338,-35.2534352,"R. 17 - Cajupiranga, Parnamirim - RN, 59157-218, Brazil",13.44744682252745
631,59115260,3,-5.759648700000001,-35.2840384,"Nossa Sra. da Apresentação, Natal - RN, 59115-260, Brazil",11.83830318039997
632,59628550,7,-5.2319831,-37.3227182,"Alto do Sumaré, Mossoró - RN, 59628-550, Brazil",243.8145235819883
633,59022530,7,-5.8038906,-35.2057677,"Barro Vermelho, Natal - RN, 59022-530, Brazil",3.1254653839521715
634,0,8,,,,
635,59700000,7,-5.6455578,-37.8512309,"Apodi - State of Rio Grande do Norte, 59700-000, Brazil",293.7916239550632
636,59060215,5,,,,
637,59064364,3,-5.8275815,-35.2222322,"R. Anísio de Souza - Lagoa Nova, Natal - RN, 59064-364, Brazil",1.9317222623661545
638,59062000,5,,,,
639,59158150,7,,,,
640,0,1,,,,
641,59145450,6,-5.9170269,-35.2798098,"Parnamirim - State of Rio Grande do Norte, 59145-450, Brazil",12.490089571290456
642,59147495,6,-5.901867699999999,-35.2714608,"Vida Nova, Parnamirim - RN, 59147-495, Brazil",10.628354205310758
643,59153025,6,-5.8957747,-35.2085091,"Nova Parnamirim, Parnamirim - State of Rio Grande do Norte, 59153-025, Brazil",7.044317570677807
644,59080115,4,-5.8549376,-35.2080175,"Neópolis, Natal - RN, 59080-115, Brazil",2.536530196512622
645,59360000,7,-6.7180078,-36.6525696,"Parelhas - State of Rio Grande do Norte, 59360-000, Brazil",187.72660114443786
646,59012570,4,-5.780723399999999,-35.1983023,"Praia do Meio, Natal - RN, 59012-570, Brazil",5.741178453635164
647,59290000,7,-5.7761157,-35.3685679,"São Gonçalo do Amarante - State of Rio Grande do Norte, 59290-000, Brazil",19.104496565746288
648,5021000,6,,,,
649,59088460,5,-5.874749,-35.2081547,"Neópolis, Natal - RN, 59088-460, Brazil",4.720623970974826
650,59149403,7,,,,
651,59014150,2,-5.7844796,-35.2017699,"Petrópolis, Natal - RN, 59014-150, Brazil",5.287055544839554
652,35700416,7,-19.4459392,-44.2526881,"Sete Lagoas - State of Minas Gerais, 35700-416, Brazil",1796.9894076113294
653,59054375,6,-5.8085784,-35.2219744,"Tv. Baraúna - Dix-Sept Rosado, Natal - RN, 59054-375, Brazil",3.1884216635226346
654,59070370,3,-5.828476999999999,-35.2360453,"Cidade da Esperança, Natal - RN, 59070-370, Brazil",3.4184520449956803
655,59150600,7,-5.880031199999999,-35.2195599,"Nova Parnamirim, Parnamirim - State of Rio Grande do Norte, 59150-600, Brazil",5.522286889846533
656,59730000,7,-5.983596700000001,-37.7025012,"Olho-d'Água do Borges - State of Rio Grande do Norte, 59730-000, Brazil",277.01616833317973
657,59020030,7,-5.783905799999999,-35.2005454,"Petrópolis, Natal - RN, 59020-030, Brazil",5.362215985103578
658,59030490,4,-5.7977715,-35.2078697,"Barro Vermelho, Natal - RN, 59030-490, Brazil",3.8117303553066475
659,59066120,4,-5.846104599999999,-35.2125631,"Candelária, Natal - RN, 59066-120, Brazil",1.735191219968715
660,59080115,7,-5.8549376,-35.2080175,"Neópolis, Natal - RN, 59080-115, Brazil",2.536530196512622
661,59152600,6,-5.8891056,-35.2081512,"Av. Maria Lacerda Montenegro - Nova Parnamirim, Parnamirim - RN, 59152-600, Brazil",6.305753781828248
662,59136160,5,-5.7231887,-35.2485232,"Lagoa Azul, Natal - RN, 59136-160, Brazil",12.961854737612843
663,59074420,6,-5.827433,-35.253036,"Felipe Camarão, Natal - RN, 59074-420, Brazil",5.301638982234981
664,59149150,7,-5.8836954,-35.2500409,"Emaús, Parnamirim - RN, 59149-150, Brazil",7.545437684691063
665,59133305,4,,,,
666,59190000,5,-6.393030899999999,-35.1928634,"Canguaretama - State of Rio Grande do Norte, 59190-000, Brazil",62.041469191608336
667,59080100,5,-5.851459999999999,-35.2063837,"Natal - State of Rio Grande do Norte, 59080-100, Brazil",2.138094949509857
668,59071080,6,-5.8259016,-35.2426562,"Cidade da Esperança, Natal - RN, 59071-080, Brazil",4.183844422535854
669,59151550,4,-5.886822,-35.2013643,"Nova Parnamirim, Parnamirim - State of Rio Grande do Norte, 59151-550, Brazil",6.062310588524043
670,18150000,7,-23.8107528,-47.1752123,"Ibiúna - State of São Paulo, 18150-000, Brazil",2366.63227632211
671,59062560,2,-5.8232773,-35.2182457,"Lagoa Nova, Natal - RN, 59062-560, Brazil",1.728523997124519
672,59031120,6,-5.8057634,-35.2123139,"Lagoa Seca, Natal - RN, 59031-120, Brazil",3.0169652053914207
673,59022020,5,-5.794253299999999,-35.2059814,"Tirol, Natal - RN, 59022-020, Brazil",4.191442195816996
674,59086040,4,-5.8629637,-35.2080355,"Neópolis, Natal - RN, 59086-040, Brazil",3.419952611698711
675,0,3,,,,
676,59136180,2,-5.7220983,-35.2476496,"Lagoa Azul, Natal - RN, 59136-180, Brazil",13.038988842150081
677,0,2,,,,
678,59780000,1,-5.7024931,-37.5534526,"Caraúbas - State of Rio Grande do Norte, 59780-000, Brazil",260.46477618265527
679,59965000,4,-6.37391,-37.9996401,"Alexandria - RN, 59965-000, Brazil",315.04991319531183
680,0,3,,,,
681,0,2,,,,
682,59560000,4,-5.613889500000001,-35.6751446,"Poço Branco - State of Rio Grande do Norte, 59560-000, Brazil",57.35866719471957
683,59068210,2,-5.8582822,-35.2416186,"Pitimbú, Natal - RN, 59068-210, Brazil",4.943832506961024
684,59067270,3,-5.865444099999999,-35.23372130000001,"Pitimbú, Natal - RN, 59067-270, Brazil",4.836774771676806
685,59064500,4,-5.8235706,-35.2200516,"Lagoa Nova, Natal - RN, 59064-500, Brazil",1.8799934366835105
686,0,3,,,,
687,59162000,4,-6.0301136,-35.2807624,"São José de Mipibu - State of Rio Grande do Norte, 59162-000, Brazil",23.42851828796529
688,0,3,,,,
689,59147540,4,-5.902774,-35.2702888,"Vida Nova, Parnamirim - RN, 59147-540, Brazil",10.612967539530397
690,59150446,4,-5.893805299999999,-35.2092184,"Nova Parnamirim, Parnamirim - State of Rio Grande do Norte, 59150-446, Brazil",6.83121449963916
691,59156845,3,,,,
692,59054680,4,-5.8116987,-35.2132943,"Lagoa Nova, Natal - RN, 59054-680, Brazil",2.424951484681807
693,59290000,3,-5.7761157,-35.3685679,"São Gonçalo do Amarante - State of Rio Grande do Norte, 59290-000, Brazil",19.104496565746288
694,59141715,3,,,,
695,59074368,3,-5.8288867,-35.2579799,"Felipe Camarão, Natal - RN, 59074-368, Brazil",5.834598846211438
696,59150666,4,-5.881965,-35.2167874,"Parnamirim - State of Rio Grande do Norte, 59150-666, Brazil",5.651296687121467
697,0,3,,,,
698,59155256,4,,,,
699,59227000,5,-6.394207199999999,-35.6314191,"Lagoa d'Anta - State of Rio Grande do Norte, 59227-000, Brazil",78.01991183396542
700,59152640,6,-5.8995899,-35.2000059,"Parnamirim - State of Rio Grande do Norte, 59152-640, Brazil",7.481647673547853
701,55014330,4,-8.2669391,-35.9730744,"Maurício de Nassau, Caruaru - PE, 55014-330, Brazil",282.30618707298976
702,0,2,,,,
703,59114035,1,-5.7591563,-35.2642181,"Av. das Fronteiras - Nossa Sra. da Apresentação, Natal - RN, 59114-035, Brazil",10.373087578893413
704,0,3,,,,
705,59890000,3,-6.1536854,-37.840618,"Frutuoso Gomes - State of Rio Grande do Norte, 59890-000, Brazil",293.9169547380942
706,59655000,2,-5.0173185,-37.0829593,"Areia Branca - State of Rio Grande do Norte, 59655-000, Brazil",226.75017247245404
707,59151436,3,-5.8880912,-35.2017529,"Nova Parnamirim, Parnamirim - State of Rio Grande do Norte, 59151-436, Brazil",6.199343491256769
708,59148556,4,,,,
709,59258000,4,55.66359989999999,11.4212987,"Elmevej 4, 4450 Jyderup, Denmark",8042.002675724222
710,59062305,4,-5.8141613,-35.2398333,"Bom Pastor, Natal - RN, 59062-305, Brazil",4.3014713655528265
711,59182000,4,-6.0912649,-35.4124355,"Monte Alegre - State of Rio Grande do Norte, 59182-000, Brazil",36.695600387207
712,59575000,4,-5.6765399,-35.2807624,"Extremoz - State of Rio Grande do Norte, 59575-000, Brazil",19.12614538543477
713,59430000,3,-6.0230027,-35.8498078,"Lagoa de Velhos - State of Rio Grande do Norte, 59430-000, Brazil",74.41034901276115
714,59280000,3,-5.894934699999999,-35.4343604,"Macaíba - State of Rio Grande do Norte, 59280-000, Brazil",26.289020267025123
715,59605090,2,-5.1955768,-37.3551167,"Aeroporto, Mossoró - RN, 59605-090, Brazil",248.38847472324971
716,59219000,3,-6.2253084,-35.4014708,"Brejinho - State of Rio Grande do Norte, 59219-000, Brazil",48.595445775469
717,0,3,,,,
718,59290000,4,-5.7761157,-35.3685679,"São Gonçalo do Amarante - State of Rio Grande do Norte, 59290-000, Brazil",19.104496565746288
719,0,3,,,,
720,59084340,4,-5.8697248,-35.2019604,"Neópolis, Natal - RN, 59084-340, Brazil",4.172522181309696
721,59173000,2,-6.2858448,-35.1928634,"Goianinha - State of Rio Grande do Norte, 59173-000, Brazil",50.19166034224155
722,59050010,5,-5.8018876,-35.2370218,"Quintas, Natal - RN, 59050-010, Brazil",4.8443308168135095
723,59152820,3,-5.887114,-35.2131285,"Parnamirim - State of Rio Grande do Norte, 59152-820, Brazil",6.138138356192024
724,59125190,4,-5.7491224,-35.2429651,"Potengi, Natal - RN, 59125-190, Brazil",10.080555794694565
725,59073250,5,-5.8548512,-35.2559635,"Planalto, Natal - RN, 59073-250, Brazil",6.136895972011178
726,59073090,4,-5.848869,-35.2550239,"Planalto, Natal - RN, 59073-090, Brazil",5.798575358217705
727,59082140,3,-5.863079,-35.1959036,"Capim Macio, Natal - RN, 59082-140, Brazil",3.5781368517766112
728,53130540,1,,,,
729,59570000,4,-5.6131011,-35.4343604,"Ceará-Mirim - State of Rio Grande do Norte, 59570-000, Brazil",35.07154565517941
730,59132510,4,-5.7392007,-35.2395372,"Pajuçara, Natal - RN, 59132-510, Brazil",10.95238791126805
731,0,3,,,,
732,59042350,2,-5.793637599999999,-35.2430834,"Nordeste, Natal - RN, 59042-350, Brazil",5.963217198329641
733,59054600,2,-5.811684199999999,-35.2261348,"Av. Interventor Mario Câmara - Dix-Sept Rosado, Natal - RN, 59054-600, Brazil",3.224513317883031
734,59507000,4,-5.3675174,-36.7172882,"Alto do Rodrigues - State of Rio Grande do Norte, 59507-000, Brazil",175.20798727899776
735,59071030,2,-5.826669,-35.2406192,"Cidade da Esperança, Natal - RN, 59071-030, Brazil",3.947602835930753
736,59035170,2,-5.8021628,-35.2314409,"Quintas, Natal - RN, 59035-170, Brazil",4.395130053584713
737,59070340,5,-5.8276785,-35.2368082,"Cidade da Esperança, Natal - RN, 59070-340, Brazil",3.5136976421856723
738,59290000,4,-5.7761157,-35.3685679,"São Gonçalo do Amarante - State of Rio Grande do Norte, 59290-000, Brazil",19.104496565746288
739,59146260,3,-5.9073978,-35.2689719,"Monte Castelo, Parnamirim - RN, 59146-260, Brazil",10.899920989375422
740,59064500,4,-5.8235706,-35.2200516,"Lagoa Nova, Natal - RN, 59064-500, Brazil",1.8799934366835105
741,59084230,2,-5.8670013,-35.2027604,"Neópolis, Natal - RN, 59084-230, Brazil",3.8649937300376167
742,59141070,4,-5.915929600000001,-35.2708176,"R. Lindalva Santiago - Santos Reis, Parnamirim - RN, 59141-070, Brazil",11.760932420645693
743,0,4,,,,
744,59149316,4,-5.8809884,-35.2472379,"Emaús, Parnamirim - RN, 59149-316, Brazil",7.116016215804899
745,59148370,4,-5.890956699999999,-35.2365677,"Vila Foilia, Parnamirim - State of Rio Grande do Norte, 59148-370, Brazil",7.362441217436953
746,59064490,3,-5.8362395,-35.2138397,"Candelária, Natal - RN, 59064-490, Brazil",1.0385801216074428
747,59088760,2,-5.8781604,-35.2041596,"Ponta Negra, Natal - State of Rio Grande do Norte, 59088-760, Brazil",5.089832772844641
748,59012340,3,-5.7833937,-35.1959494,"Petrópolis, Natal - RN, 59012-340, Brazil",5.492445162456448
749,59071470,3,-5.8228333,-35.2410128,"Cidade da Esperança, Natal - RN, 59071-470, Brazil",4.0767466521197395
750,59056215,2,-5.819544899999999,-35.2115588,"Av. Amintas Barros - Lagoa Nova, Natal - RN, 59056-215, Brazil",1.5521180620057844
751,59810000,4,-6.028499099999999,-37.9996401,"Portalegre - State of Rio Grande do Norte, 59810-000, Brazil",310.1605932751423
752,59136190,2,-5.7217549,-35.2476306,"Lagoa Azul, Natal - RN, 59136-190, Brazil",13.073688181492134
753,59152825,4,-5.8904196,-35.2133808,"Nova Parnamirim, Parnamirim - State of Rio Grande do Norte, 59152-825, Brazil",6.5040563546614285
754,59150440,2,-5.8763857,-35.2155778,"Clube do Pitimbu, Parnamirim - State of Rio Grande do Norte, 59150-440, Brazil",5.0199775801980975
755,59213000,4,-6.4408579,-35.9369952,"Japi - State of Rio Grande do Norte, 59213-000, Brazil",105.30252103402555
756,59123470,3,,,,
757,59104095,3,-5.7713173,-35.2546924,"Av. Dr. João Medeiros Filho - Igapó, Natal - RN, 59104-095, Brazil",8.663972130555468
758,59010085,3,-5.7781818,-35.1958652,"Praia do Meio, Natal - RN, 59010-085, Brazil",6.060863645584651
759,59066800,4,-5.8328693,-35.2130273,"Lagoa Nova, Natal - State of Rio Grande do Norte, 59066-800, Brazil",0.8487583210244447
760,59070330,2,-5.825744900000001,-35.2366023,"Cidade da Esperança, Natal - RN, 59070-330, Brazil",3.52777860571217
761,59115684,3,,,,
762,59162000,3,-6.0301136,-35.2807624,"São José de Mipibu - State of Rio Grande do Norte, 59162-000, Brazil",23.42851828796529
763,59140770,3,-5.922969699999999,-35.2691403,"Cohabinal, Parnamirim - RN, 59140-770, Brazil",12.275754236558523
764,59149303,4,-5.881590399999999,-35.245397,"Emaús, Parnamirim - RN, 59149-303, Brazil",7.036582657873099
765,59114500,4,-5.7562828,-35.2780607,"Nossa Sra. da Apresentação, Natal - RN, 59114-500, Brazil",11.625770616493611
766,59090321,2,-5.8861617,-35.1674679,"Ponta Negra, Natal - State of Rio Grande do Norte, 59090-321, Brazil",7.301876214714255
767,59550000,4,-5.443088899999999,-35.8716137,"João Câmara - RN, 59550-000, Brazil",85.43119728866344
768,58915000,4,-6.513715899999999,-38.3797799,"Uiraúna - State of Paraíba, 58915-000, Brazil",359.3267080210778
769,64800000,3,-7.0658271,-43.0971625,"Floriano - State of Piauí, 64800-000, Brazil",883.555734123572
770,59300000,5,-6.469643899999999,-37.0829593,"Caicó - State of Rio Grande do Norte, 59300-000, Brazil",219.44521030367468
771,59152080,4,-5.890698500000001,-35.1945966,"Parnamirim - State of Rio Grande do Norte, 59152-080, Brazil",6.584073008635392
772,59255000,4,-6.3333417,-35.5000999,"Santo Antônio - State of Rio Grande do Norte, 59255-000, Brazil",64.31306181670038
773,0,3,,,,
774,59110050,4,-5.7575892,-35.25415,"Potengi, Natal - RN, 59110-050, Brazil",9.856135386036755
775,59064500,4,-5.8235706,-35.2200516,"Lagoa Nova, Natal - RN, 59064-500, Brazil",1.8799934366835105
776,59015140,2,-5.8066906,-35.201747,"Tirol, Natal - RN, 59015-140, Brazil",2.844426493119959
777,59062170,2,-5.8127241,-35.2330138,"Rua Hermita Cansanção - Nossa Sra. de Nazaré, Natal - RN, 59062-170, Brazil",3.7376436504335984
778,59145500,1,-5.914818899999999,-35.280407,"Parnamirim - State of Rio Grande do Norte, 59145-500, Brazil",12.352038536677796
779,59151250,3,-5.8731177,-35.215692,"Parnamirim - State of Rio Grande do Norte, 59151-250, Brazil",4.671592246048016
780,59280000,4,-5.894934699999999,-35.4343604,"Macaíba - State of Rio Grande do Norte, 59280-000, Brazil",26.289020267025123
781,59141280,3,-5.9205235,-35.2785291,"R. Oscár Ramalho de Farias - Rosa dos Ventos, Parnamirim - RN, 59141-280, Brazil",12.692239186157739
782,0,3,,,,
783,59147230,2,,,,
784,59072080,1,-5.821161699999999,-35.2462788,"Felipe Camarão, Natal - RN, 59072-080, Brazil",4.687844344233567
785,59900000,4,-6.117804,-38.1688559,"Pau dos Ferros - State of Rio Grande do Norte, 59900-000, Brazil",329.62689234186445
786,59290000,2,-5.7761157,-35.3685679,"São Gonçalo do Amarante - State of Rio Grande do Norte, 59290-000, Brazil",19.104496565746288
787,59152210,4,-5.895185199999999,-35.1945301,"Parnamirim - State of Rio Grande do Norte, 59152-210, Brazil",7.073806426423792
788,0,3,,,,
789,58280000,4,-6.683512899999999,-35.148879,"Mamanguape - State of Paraíba, 58280-000, Brazil",94.35747757523336
790,59135706,4,,,,
791,59090315,3,-5.890238300000001,-35.1724693,"Ponta Negra, Natal - State of Rio Grande do Norte, 59090-315, Brazil",7.386456368928824
792,59147140,4,-5.8941047,-35.2691923,"Lot. Projetado, Parnamirim - RN, 59147-140, Brazil",9.841228019800823
793,0,4,,,,
794,59619140,2,-5.1794669,-37.3476086,"R. José Damião - Abolição, Mossoró - RN, 59619-140, Brazil",248.10613870179478
795,59082190,2,-5.864192999999999,-35.191392,"Capim Macio, Natal - RN, 59082-190, Brazil",3.8679607652758357
796,59830000,3,-5.8499718,-38.08430080000001,"Rodolfo Fernandes - State of Rio Grande do Norte, 59830-000, Brazil",318.83098729262633
797,59148350,4,-5.8932182,-35.2361375,"Emaús, Parnamirim - State of Rio Grande do Norte, 59148-350, Brazil",7.562679364993847
798,59150500,4,,,,
799,59144850,3,-5.9436512,-35.2880078,"Av. João Paulo II - Nova Esperança, Parnamirim - RN, 59144-850, Brazil",15.353291977594393
800,59067350,5,-5.8182426,-35.2472569,"Felipe Camarão, Natal - RN, 59067-350, Brazil",4.884405306918041
801,59570000,3,-5.6131011,-35.4343604,"Ceará-Mirim - State of Rio Grande do Norte, 59570-000, Brazil",35.07154565517941
802,59139410,4,-5.7287237,-35.2698405,"Lagoa Azul, Natal - RN, 59139-410, Brazil",13.481948376091054
803,59056100,2,-5.812598599999999,-35.2083226,"Av. Romualdo Galvão - Lagoa Nova, Natal - RN, 59056-100, Brazil",2.1863573321022374
804,59056290,2,,,,
805,59060710,4,-5.8149954,-35.2484465,"Bom Pastor, Natal - RN, 59060-710, Brazil",5.1312772003179035
806,0,5,,,,
807,0,4,,,,
808,59158150,3,,,,
809,59215000,4,-6.4472391,-35.4124355,"Nova Cruz - State of Rio Grande do Norte, 59215-000, Brazil",71.77718020488686
810,59114205,4,,,,
811,59310000,4,-6.688831899999999,-37.1901616,"São João do Sabugi - State of Rio Grande do Norte, 59310-000, Brazil",239.19340577180478
812,59104250,4,-5.7691881,-35.2606846,"Igapó, Natal - RN, 59104-250, Brazil",9.272272971232454
813,59069280,2,-5.8448915,-35.2409323,"Pitimbú, Natal - RN, 59069-280, Brazil",4.17999088837137
814,59700000,3,-5.6455578,-37.8512309,"Apodi - State of Rio Grande do Norte, 59700-000, Brazil",293.7916239550632
815,59155530,4,-5.9249718,-35.2468177,"R. da Independência - Liberdade, Parnamirim - RN, 59155-530, Brazil",11.242894127853672
816,0,3,,,,
817,59200000,4,-6.279565799999999,-35.958777,"Santa Cruz - State of Rio Grande do Norte, 59200-000, Brazil",96.97302298035063
818,59114050,4,-5.7623419,-35.26686189999999,"R. Antônio Viana - Nossa Sra. da Apresentação, Natal - RN, 59114-050, Brazil",10.292635470581995
819,0,2,,,,
820,59230000,4,-6.243001599999999,-36.1979764,"Campo Redondo - State of Rio Grande do Norte, 59230-000, Brazil",118.90697995040652
821,59135350,1,-5.7319149,-35.2523609,"Lagoa Azul, Natal - RN, 59135-350, Brazil",12.244433770785092
822,59088100,2,,,,
823,59146230,4,-5.910800999999999,-35.2721118,"Av. Pres. Getúlio Vargas - Monte Castelo, Parnamirim - RN, 59146-230, Brazil",11.411826453594658
824,0,3,,,,
825,59146060,3,-5.9065246,-35.2742524,"Av. Brg. Trompowsky - Passagem de Areia, Parnamirim - RN, 59146-060, Brazil",11.215450260192213
826,0,2,,,,
827,76900244,2,-10.887659,-61.95143469999999,"Bairro Centro, Ji-Paraná - RO, 76900-244, Brazil",2996.952707230714
828,59152820,4,-5.887114,-35.2131285,"Parnamirim - State of Rio Grande do Norte, 59152-820, Brazil",6.138138356192024
829,59060450,2,-5.8202235,-35.2315782,"Nossa Sra. de Nazaré, Natal - RN, 59060-450, Brazil",3.185439270373645
830,59151023,4,,,,
831,59570000,4,-5.6131011,-35.4343604,"Ceará-Mirim - State of Rio Grande do Norte, 59570-000, Brazil",35.07154565517941
832,0,3,,,,
833,59104290,4,-5.7643889,-35.2689974,"Natal - State of Rio Grande do Norte, 59104-290, Brazil",10.28447447192104
834,59162000,3,-6.0301136,-35.2807624,"São José de Mipibu - State of Rio Grande do Norte, 59162-000, Brazil",23.42851828796529
835,59020010,2,-5.7826679,-35.2012805,"Petrópolis, Natal - RN, 59020-010, Brazil",5.491079798357646
836,59123445,4,-5.7418254,-35.2446551,"Pajuçara, Natal - RN, 59123-445, Brazil",10.894033517750092
837,59106130,4,-5.7666617,-35.2707383,"R. Vivaldo Pereira de Araújo - Igapó, Natal - RN, 59106-130, Brazil",10.238166362940786
838,59575000,4,-5.6765399,-35.2807624,"Extremoz - State of Rio Grande do Norte, 59575-000, Brazil",19.12614538543477
839,59114010,2,,,,
840,0,2,,,,
841,59152480,4,-5.8902521,-35.2072307,"Nova Parnamirim, Parnamirim - State of Rio Grande do Norte, 59152-480, Brazil",6.428368015791224
842,59067550,5,-5.8664349,-35.2282622,"Pitimbú, Natal - RN, 59067-550, Brazil",4.55916411544099
843,59151540,5,,,,
844,59141040,3,-5.916774999999999,-35.2693109,"Parnamirim - State of Rio Grande do Norte, 59141-040, Brazil",11.733320822101462
845,59114145,3,-5.7556764,-35.2703215,"R. São Jorge - Nossa Sra. da Apresentação, Natal - RN, 59114-145, Brazil",11.100748681618594
846,59150220,2,,,,
847,59012090,3,-5.7754531,-35.202983,"Ribeira, Natal - RN, 59012-090, Brazil",6.275670614523873
848,59147410,3,-5.8997224,-35.274101,"Lot. Projetado, Parnamirim - RN, 59147-410, Brazil",10.6641368358816
849,59114240,2,-5.7457312,-35.2707944,"Nossa Sra. da Apresentação, Natal - RN, 59114-240, Brazil",11.991453523098889
850,0,3,,,,
851,59022390,2,-5.8084384,-35.2108222,"Lagoa Seca, Natal - RN, 59022-390, Brazil",2.690228405147835
852,59290000,3,-5.7761157,-35.3685679,"São Gonçalo do Amarante - State of Rio Grande do Norte, 59290-000, Brazil",19.104496565746288
853,59129431,2,,,,
854,59082110,3,-5.8592281,-35.1976674,"Capim Macio, Natal - RN, 59082-110, Brazil",3.114296286153046
855,59142714,4,-5.9282829,-35.29013,"Parnamirim - State of Rio Grande do Norte, 59142-714, Brazil",14.17948621997848
856,59076700,4,-5.8343409,-35.207,"Lagoa Nova, Natal - RN, 59076-700, Brazil",0.30027166973851316
857,59088310,4,-5.873927,-35.2045089,"Neópolis, Natal - RN, 59088-310, Brazil",4.620880139168667
858,59590000,4,-5.201435399999999,-36.11108,"São Bento do Norte - State of Rio Grande do Norte, 59590-000, Brazil",122.21283687349734
859,59068400,2,-5.858783499999999,-35.236467,"Pitimbú, Natal - RN, 59068-400, Brazil",4.52917033367276
860,22725150,4,-22.9091329,-43.3909325,"Taquara, Rio de Janeiro - State of Rio de Janeiro, 22725-150, Brazil",2083.976807040399
861,59056140,4,-5.814913799999999,-35.2025253,"Lagoa Nova, Natal - RN, 59056-140, Brazil",1.9325372675219148
862,59152330,2,-5.8888701,-35.2053628,"Nova Parnamirim, Parnamirim - State of Rio Grande do Norte, 59152-330, Brazil",6.272331205475579
863,59064390,3,-5.830864699999999,-35.2196705,"R. Raimundo Chaves - Candelária, Natal - RN, 59064-390, Brazil",1.5871378742045046
864,0,3,,,,
865,59114151,4,-5.756086,-35.2754256,"Tv. João Paulo II - Nossa Sra. da Apresentação, Natal - RN, 59114-151, Brazil",11.441673334271194
866,59219000,4,-6.2253084,-35.4014708,"Brejinho - State of Rio Grande do Norte, 59219-000, Brazil",48.595445775469
867,59152160,3,-5.8915793,-35.1915651,"Parnamirim - State of Rio Grande do Norte, 59152-160, Brazil",6.748077743865367
868,59570000,3,-5.6131011,-35.4343604,"Ceará-Mirim - State of Rio Grande do Norte, 59570-000, Brazil",35.07154565517941
869,59072480,4,-5.8149954,-35.2484465,"Bom Pastor, Natal - RN, 59072-480, Brazil",5.1312772003179035
870,59280000,5,-5.894934699999999,-35.4343604,"Macaíba - State of Rio Grande do Norte, 59280-000, Brazil",26.289020267025123
871,59290000,4,-5.7761157,-35.3685679,"São Gonçalo do Amarante - State of Rio Grande do Norte, 59290-000, Brazil",19.104496565746288
872,0,3,,,,
873,59182000,4,-6.0912649,-35.4124355,"Monte Alegre - State of Rio Grande do Norte, 59182-000, Brazil",36.695600387207
874,59152820,2,-5.887114,-35.2131285,"Parnamirim - State of Rio Grande do Norte, 59152-820, Brazil",6.138138356192024
875,59078420,1,-5.8447729,-35.196877,"Capim Macio, Natal - RN, 59078-420, Brazil",1.6848027309606906
876,59152250,1,-5.896115699999999,-35.1969027,"Parnamirim - State of Rio Grande do Norte, 59152-250, Brazil",7.135863882490765
877,59054560,2,-5.8120237,-35.2174547,"R. Alm. Tamandaré - Lagoa Nova, Natal - RN, 59054-560, Brazil",2.595647471003826
878,59123580,2,-5.7393066,-35.243835,"Pajuçara, Natal - RN, 59123-580, Brazil",11.114880250946248
879,0,2,,,,
880,59141210,1,-5.9198847,-35.2727807,"Santos Reis, Parnamirim - RN, 59141-210, Brazil",12.239768180733655
881,59020310,2,-5.798113,-35.2014151,"Tirol, Natal - RN, 59020-310, Brazil",3.7898603940751454
882,59280000,1,-5.894934699999999,-35.4343604,"Macaíba - State of Rio Grande do Norte, 59280-000, Brazil",26.289020267025123
883,59152902,1,,,,
884,59138650,2,-5.730610200000001,-35.25901959999999,"Lagoa Azul, Natal - RN, 59138-650, Brazil",12.70282860560792
885,59148670,1,-5.8810865,-35.2375966,"Morada da Paz, Parnamirim - State of Rio Grande do Norte, 59148-670, Brazil",6.480776699411688
886,0,2,,,,
887,0,1,,,,
888,59064902,2,,,,
889,59114020,1,-5.7565155,-35.2695997,"Nossa Sra. da Apresentação, Natal - RN, 59114-020, Brazil",10.978268399182
890,0,1,,,,
891,0,1,,,,
892,58178000,2,-6.4551163,-36.1979764,"Nova Floresta - State of Paraíba, 58178-000, Brazil",129.67595652751604
893,59161050,1,,,,
894,59115110,1,-5.7581668,-35.2816351,"Nossa Sra. da Apresentação, Natal - RN, 59115-110, Brazil",11.757314178236877
895,0,1,,,,
896,59150200,1,,,,
897,59056340,1,-5.8172795,-35.2009192,"Lagoa Nova, Natal - RN, 59056-340, Brazil",1.7177179558516222
898,59020660,2,-5.8031983,-35.2024947,"Tirol, Natal - RN, 59020-660, Brazil",3.2178481435459774
899,59078290,1,-5.846659499999999,-35.2066364,"Capim Macio, Natal - RN, 59078-290, Brazil",1.610294114696511
